category,welfareType,servId,servNm,agency,department,intrsThemaArray,lifeArray,srvPvsnNm,sprtCycNm,servDgst,servDtlLink,inqNum,contact
기관,지역센터,ORG0001,탁틴내일청소년성문화센터,서울특별시 서대문구,,청소년,청소년,상담/지원,수시,서울시 서대문구 신촌로 7길 18번지 3층(창천동 114-9번지),http://www.tacteen.net,,02-338-7480
기관,지역센터,ORG0002,부평구청소년성문화센터,인천광역시 부평구,,청소년,청소년,상담/지원,수시,인천광역시 부평구 체육관로 76 부평구 청소년수련관 3층,http://www.icbp.go.kr/open_content/gender,,032-500-2250
기관,지역센터,ORG0003,대전광역시청소년성문화센터,대전광역시 중구,,청소년,청소년,상담/지원,수시,대전광역시 중구 대종로 488번길 9 (은행동 142-6번지) 보육정보센터 3층,http://www.djsay.net,,042-222-8847
기관,지역센터,ORG0004,대전서부청소년성문화센터,대전광역시 서구,,청소년,청소년,상담/지원,수시,대전광역시 서구 배재로 155-40 배재대학교 국제교류관 501호,http://www.dssay.net,,042-520-5593
기관,지역센터,ORG0005,대구청소년성문화센터,대구광역시 달서구,,청소년,청소년,상담/지원,수시,대구광역시 달서구 앞산순환로 180,http://www.dgsay.net,,053-653-7755
기관,지역센터,ORG0006,대구아름청소년성문화센터,대구광역시 남구,,청소년,청소년,상담/지원,수시,대구광역시 남구 명덕로 34길 16(대명동) 1층,http://www.daeguarm.net,,053-657-1388
기관,지역센터,ORG0007,광주광역시청소년성문화센터,광주광역시 북구,,청소년,청소년,상담/지원,수시,"광주광역시 북구 중가로 43, 7층 (유동, 광주 YWCA건물)",http://www.gjsay1388.com,,062-522-1388
기관,지역센터,ORG0008,광산구청소년성문화센터,광주광역시 광산구,,청소년,청소년,상담/지원,수시,광주광역시 광산구 첨단중앙로 182번길 39,http://www.wawasay.or.kr,,062-972-7955
기관,지역센터,ORG0009,부산광역시청소년성문화센터,부산광역시 사상구,,청소년,청소년,상담/지원,수시,부산광역시 사상구 모덕로 82,http://www.bsycsay.or.kr/root/main.php,,051-303-9622
기관,지역센터,ORG0010,늘함께 청소년성문화센터,부산광역시 동래구,,청소년,청소년,상담/지원,수시,부산광역시 동래구 충렬대로 171 율곡빌딩 6층,http://www.say2008.or.kr,,051-558-1224
기관,지역센터,ORG0011,탄생의신비관청소년성문화센터,부산광역시 금정구,,청소년,청소년,상담/지원,수시,부산광역시 금정구 체육공원로 399번길 324(두구동) 부산지방공단스포원 내,http://busansay.co.kr,,051-508-1808
기관,지역센터,ORG0012,아하!청소년성문화센터,서울특별시 영등포구,,청소년,청소년,상담/지원,수시,서울시 영등포구 영신로 200,http://ahacenter.kr,,02-2677-9220
기관,지역센터,ORG0013,탄생의신비관이동형청소년성문화센터(1),부산광역시 금정구,,청소년,청소년,상담/지원,수시,부산광역시 금정구 체육공원로 399번길 324(두구동) 부산지방공단스포원 내,http://www.busansay.co.kr,,051-508-1308
기관,지역센터,ORG0014,탄생의신비관이동형청소년성문화센터(2),부산광역시 금정구,,청소년,청소년,상담/지원,수시,부산광역시 금정구 체육공원로 399번길 324(두구동) 부산지방공단스포원 내,http://www.busansay.co.kr,,051-508-1308
기관,지역센터,ORG0015,울산시청소년성문화센터,울산광역시 남구,,청소년,청소년,상담/지원,수시,울산시 남구 수암로 235번지(야음동 459-7) 5층,http://www.ulsansay.com,,052-256-1318
기관,지역센터,ORG0016,경기도청소년성문화센터,경기도 안산시,,청소년,청소년,상담/지원,수시,"경기도 안산시 단원구 화랑로 260 (초지동 666-1, 안산와~스타디움 3층)",http://www.tacteenwa.or.kr/index.asp,,031-475-3253
기관,지역센터,ORG0017,경기북부청소년성문화센터,경기도 파주시,,청소년,청소년,상담/지원,수시,경기도 파주시 문산읍 임진각로 148-40 경기북부청소년성문화센터,http://congcong.or.kr,,031-954-8050
기관,지역센터,ORG0018,부천시청소년성문화센터,경기도 부천시,,청소년,청소년,상담/지원,수시,경기도 부천시 소사로 482 부천종합운동장 내,http://bchello.co.kr,,032-663-1318
기관,지역센터,ORG0019,화성시청소년성문화센터,경기도 화성시,,청소년,청소년,상담/지원,수시,경기도 화성시 여울로 2길 33 문화동 2층 성문화센터팀,http://www.hssay.or.kr/aspx/main.aspx,,031-8015-7405
기관,지역센터,ORG0020,경기북부이동형청소년성문화센터,경기도 파주시,,청소년,청소년,상담/지원,수시,경기도 파주시 문산읍 임진각로 148-40 경기북부청소년성문화센터,http://congcong.or.kr,,031-953-8052
기관,지역센터,ORG0021,경기도이동형청소년성문화센터,경기도 안산시,,청소년,청소년,상담/지원,수시,"경기도 안산시 단원구 화랑로 260 (초지동 666-1, 안산와~스타디움 3층)",http://www.tacteenwa.or.kr/bus/bus01.asp?pageNum=4&subNum=1,,031-405-3255
기관,지역센터,ORG0022,수원시청소년성문화센터,경기도 수원시,,청소년,청소년,상담/지원,수시,"경기도 수원시 장안구 송정로187번길 83(조원동,2층)",http://suwonsay.or.kr,,031-251-1590
기관,지역센터,ORG0023,창동청소년성문화센터,서울특별시 도봉구,,청소년,청소년,상담/지원,수시,서울시 도봉구 노해로 69길132 창동청소년수련관 1층,http://www.cdyouth.or.kr,,02-950-9650
기관,지역센터,ORG0024,용인시청소년성문화센터,경기도 용인시,,청소년,청소년,상담/지원,수시,경기도 용인시 수지구 법조로 230 용인시 종합가족센터4층,http://ysay.or.kr,,031-548-1318
기관,지역센터,ORG0025,안양시이동형청소년성문화센터,경기도 안양시,,청소년,청소년,상담/지원,수시,"경기도 안양시 동안구 경수대로 604, 대명빌딩 2층",http://awhy3088.or.kr,,031-360-3088
기관,지역센터,ORG0026,강원도청소년성문화센터,강원특별자치도 춘천시,,청소년,청소년,상담/지원,수시,강원도 춘천시 신샘밭로 89번지 강원도청소년수련관 내 2층,http://www.isay.or.kr,,033-253-1093
기관,지역센터,ORG0027,강릉시청소년성문화센터,강원특별자치도 강릉시,,청소년,청소년,상담/지원,수시,"강원도 강릉시 종합운동장길 72-21, 청소년수련관 2층",http://www.gnsay1318.or.kr,,033-645-1318
기관,지역센터,ORG0028,원주시청소년성문화센터,강원특별자치도 원주시,,청소년,청소년,상담/지원,수시,강원도 원주시 서원대로 234,http://www.n-center.or.kr/aKor/index.html,,033-745-1318
기관,지역센터,ORG0029,강원도이동형청소년성문화센터,강원특별자치도 춘천시,,청소년,청소년,상담/지원,수시,강원도 춘천시 신샘밭로 89번지 강원도청소년수련관 내 2층,http://www.isay.or.kr,,033-255-6651
기관,지역센터,ORG0030,충청남도청소년성문화센터,충청남도 천안시,,청소년,청소년,상담/지원,수시,충청남도 천안시 서북구 동서대로 115,http://scenter.cnyouth.or.kr,,041-592-1388
기관,지역센터,ORG0031,충남이동형청소년성문화센터,충청남도 홍성군,,청소년,청소년,상담/지원,수시,"충청남도 홍성군 홍북면 충남대로 24, 제나우스 390호",http://www.sayggmtaean.co.kr/web/home.php,,041-337-1585
기관,지역센터,ORG0032,충청북도청소년성문화센터,충청북도 청주시,,청소년,청소년,상담/지원,수시,충청북도 청주시 상당구 목련로 27(충청북도 여성발전센터 1층),http://www.cbsay.or.kr,,043-258-8001
기관,지역센터,ORG0033,충주시청소년성문화센터,충청북도 충주시,,청소년,청소년,상담/지원,수시,충청북도 충주시 중원대로 3324 충주시청소년수련관 1층,http://www.chungjusay.com/main.php,,043-856-7816
기관,지역센터,ORG0034,광진청소년성문화센터,서울특별시 광진구,,청소년,청소년,상담/지원,수시,서울시 광진구 구천면로 14 광진구민체육센타,http://www.seekle.or.kr,,02-2204-3170
기관,지역센터,ORG0035,충북이동형청소년성문화센터,충청북도 청주시,,청소년,청소년,상담/지원,수시,충청북도 청주시 상당구 목련로 27(충청북도 여성발전센터 1층),http://www.cbsay.or.kr,,043-223-7953
기관,지역센터,ORG0036,경상남도청소년성문화센터,경상남도 사천시,,청소년,청소년,상담/지원,수시,경상남도 사천시 문선4길 23 청소년성문화센터 1층,http://www.youthsacheon.com/main/,,070-8145-8014
기관,지역센터,ORG0037,창원시청소년성문화센터,경상남도 창원시,,청소년,청소년,상담/지원,수시,경상남도 창원시 의창구 두대로 97번지 늘푸른 전당1층,http://www.cwsay.net/,,055-716-0311
기관,지역센터,ORG0038,경남이동형청소년성문화센터,경상남도 창원시,,청소년,청소년,상담/지원,수시,경상남도 창원시 의창구 두대로 97번지,https://gnyouth.net:53812/center1/,,055-716-0318
기관,지역센터,ORG0039,경상북도청소년성문화센터,경상북도 김천시,,청소년,청소년,상담/지원,수시,경상북도 김천시 아포읍 대성지1길 593-43 경북청소년수련원 1층,http://www.gbsay.com/,,054-436-0218
기관,지역센터,ORG0040,포항청소년성문화센터,경상북도 포항시,,청소년,청소년,상담/지원,수시,경상북도 포항시 북구 서동로 76 포항YMCA 4층,http://www.phsay1004.or.kr/,,054-246-1004
기관,지역센터,ORG0041,경상북도북부청소년성문화센터,경상북도 안동시,,청소년,청소년,상담/지원,수시,경상북도 안동시 퇴계로 149-3,http://www.gbbsay.kr/,,054-858-7179
기관,지역센터,ORG0042,경북이동형청소년성문화센터,경상북도 안동시,,청소년,청소년,상담/지원,수시,경상북도 안동시 퇴계로 149-3,http://www.gbbsay.kr/,,054-859-7179
기관,지역센터,ORG0043,목포시청소년성문화센터,전라남도 목포시,,청소년,청소년,상담/지원,수시,전라남도 목포시 양을로 397번길 68,http://www.msay.or.kr/,,061-272-1318
기관,지역센터,ORG0044,여수시청소년성문화센터,전라남도 여수시,,청소년,청소년,상담/지원,수시,전라남도 여수시 학동4서길 58-26 여수시청소년수련관 내,http://www.ysay.kr/,,070-7733-1319
기관,지역센터,ORG0045,송파청소년성문화센터,서울특별시 송파구,,청소년,청소년,상담/지원,수시,서울시 송파구 중대로4길 4 청소년수련시설,http://www.youth1318.or.kr,,02-3012-1318
기관,지역센터,ORG0046,전라남도청소년성문화센터,전라남도 완도군,,청소년,청소년,상담/지원,수시,전라남도 완도군 군외면 청해진서로 1598번길 215 전남청소년수련원 내 1층,http://www.jnsay.or.kr/,,061-554-1318
기관,지역센터,ORG0047,순천시청소년문화센터,전라남도 순천시,,청소년,청소년,상담/지원,수시,전라남도 순천시 중앙3길 6-6 청소년 성문화센터 3층,http://sunsay.co.kr/sweb/bbs/main.php,,061-745-0222
기관,지역센터,ORG0048,전주시청소년성문화센터,전북특별자치도 전주시,,청소년,청소년,상담/지원,수시,전라북도 전주시 완산구 서신로 61 2층,http://www.jeonjusay.com/,,063-251-1318
기관,지역센터,ORG0049,정읍시청소년성문화센터,전북특별자치도 정읍시,,청소년,청소년,상담/지원,수시,전라북도 정읍시 정읍사로 547 정읍시청소년수련관3층,http://www.jeongeup.go.kr/index.jeongeup?menuCd=DOM_000000103005009002,,063-532-1388
기관,지역센터,ORG0050,익산시청소년성문화센터,전북특별자치도 익산시,,청소년,청소년,상담/지원,수시,전라북도 익산시 동서로 476-21 청소년수련관 2층,http://www.issay.or.kr/index.htm,,063-834-1399
기관,지역센터,ORG0051,군산시청소년성문화센터,전북특별자치도 군산시,,청소년,청소년,상담/지원,수시,전라북도 군산시 청소년회관로 75 군산시청소년수련관 내,http://cafe.daum.net/gunsan-say,,063-463-1230
기관,지역센터,ORG0052,서귀포시청소년성문화센터,제주특별자치도 서귀포시,,청소년,청소년,상담/지원,수시,제주도 서귀포시 중산간서로 97-1 서귀포시청소년수련관,none,,064-760-6451
기관,지역센터,ORG0053,제주시청소년성문화센터,제주특별자치도 제주시,,청소년,청소년,상담/지원,수시,제주도 제주시 사라봉동길 21-1 제주시 청소년 수련관,http://www.jejusi.go.kr/say/main.do,,064-728-3486
기관,지역센터,ORG0054,홍성청소년성문화센터,충청남도 홍성군,,청소년,청소년,상담/지원,수시,"충청남도 홍성군 홍성읍 내포로 140, 3층",http://cnyouth1388.cafe24.com/say2/index.html,,041-406-7000
기관,지역센터,ORG0055,드림청소년성문화센터,서울특별시 강남구,,청소년,청소년,상담/지원,수시,서울시 강남구 봉은사로 114길 43 서울의료원,http://www.dreamcenter.or.kr,,02-2051-1376
기관,지역센터,ORG0056,성북청소년성문화센터,서울특별시 중랑구,,청소년,청소년,상담/지원,수시,서울특별시 중랑구 면목로 23길 20(면목4동 380번지) 서울과학전시관 동부분관 1층,http://talk.tacteen.net,,02-2207-7480
기관,지역센터,ORG0057,동작청소년성문화센터,서울특별시 동작구,,청소년,청소년,상담/지원,수시,"서울특별시 동작구 여의대방로 20길 33, 1층",http://joeunsesang.org/plus,,02-823-7942
기관,지역센터,ORG0058,인천광역시청소년성문화센터,인천광역시 남구,,청소년,청소년,상담/지원,수시,인천광역시 남구 매소홀로 618번지 문학경기장 내 축구장 1층,http://www.isc.or.kr,,032-446-1318
기관,지역센터,ORG0059,서울특별시학교밖청소년지원센터,서울특별시 중구,,청소년,청소년,상담/지원,수시,서울특별시 중구 을지로11길 23 (수표동),https://www.teen1318.or.kr/,,02-2285-1318
기관,지역센터,ORG0060,서울종로구학교밖청소년지원센터,서울특별시 종로구,,청소년,청소년,상담/지원,수시,서울특별시 종로구 명륜길 90,http://www.jongno1318.or.kr,,02-742-1318
기관,지역센터,ORG0061,서울중구학교밖청소년지원센터,서울특별시 중구,,청소년,청소년,상담/지원,수시,서울특별시 중구 동호로 5길 19,,,02-2250-0543
기관,지역센터,ORG0062,서울용산구학교밖청소년지원센터,서울특별시 용산구,,청소년,청소년,상담/지원,수시,서울특별시 용산구 백범로 329 용산꿈나무종합타운 4층 용산구청소년상담복지센터,http://www.dodoit.or.kr,,02-3273-5825
기관,지역센터,ORG0063,서울성동구학교밖청소년지원센터,서울특별시 성동구,,청소년,청소년,상담/지원,수시,서울특별시 성동구 행당로6길 24-15 성동구청소년상담복지센터,https://www.sdfac.or.kr/kor/tcwc/main.do,,02-2296-1318
기관,지역센터,ORG0064,서울광진구학교밖청소년지원센터,서울특별시 광진구,,청소년,청소년,상담/지원,수시,서울특별시 광진구 아차산로 24길 17 자양공공힐링센터3층,http://www.light1318.or.kr,,02-2205-2300
기관,지역센터,ORG0065,서울동대문구학교밖청소년지원센터,서울특별시 동대문구,,청소년,청소년,상담/지원,수시,"서울특별시 동대문구 천호대로 2길 23-9 신설동복지지원센터3,4층",,,02-2237-1318
기관,지역센터,ORG0066,서울중랑구학교밖청소년지원센터,서울특별시 중랑구,,청소년,청소년,상담/지원,수시,서울특별시 중랑구 용마산로 217 3층,,,02-490-0222
기관,지역센터,ORG0067,서울성북구학교밖청소년지원센터,서울특별시 성북구,,청소년,청소년,상담/지원,수시,서울특별시 성북구 동소문로26다길 8-2 성북구청소년지원센터,,,02-3292-1785
기관,지역센터,ORG0068,서울강북구학교밖청소년지원센터,서울특별시 강북구,,청소년,청소년,상담/지원,수시,서울특별시 강북구 4.19로 74 강북청소년수련관 3층,,,02-6715-6665
기관,지역센터,ORG0069,서울도봉구학교밖청소년지원센터,서울특별시 도봉구,,청소년,청소년,상담/지원,수시,서울특별시 도봉구 노해로 69길 132 창동문화체육센터 1층,http://www.db1318.or.kr/,,02-6956-4505
기관,지역센터,ORG0070,서울노원구학교밖청소년지원센터,서울특별시 노원구,,청소년,청소년,상담/지원,수시,"서울특별시 노원구 수락산로 212-19, 3층",https://www.nowonyouthcenter.org/,,02-930-1388
기관,지역센터,ORG0071,서울은평구학교밖청소년지원센터,서울특별시 은평구,,청소년,청소년,상담/지원,수시,서울특별시 은평구 백련산로 4길 16 서울시립 은평청소년수련관 2층,,,02-382-5966
기관,지역센터,ORG0072,서울서대문구학교밖청소년지원센터,서울특별시 서대문구,,청소년,청소년,상담/지원,수시,서울특별시 서대문구 독립문로12길 34 (천연동) 2층 서대문구학교밖청소년지원센터,,,02-313-1388
기관,지역센터,ORG0073,서울마포구학교밖청소년지원센터,서울특별시 마포구,,청소년,청소년,상담/지원,수시,서울특별시 마포구 희우정로 77 상가동 마포구청소년상담복지센터,,,02-6376-9900
기관,지역센터,ORG0074,서울양천구학교밖청소년지원센터,서울특별시 양천구,,청소년,청소년,상담/지원,수시,"서울특별시 양천구 남부순환로 83길 53, 2층 양천구 청소년지원센터 꿈드림",https://www.yangcheon1388.or.kr/,,02-2645-1318
기관,지역센터,ORG0075,서울강서구학교밖청소년지원센터,서울특별시 강서구,,청소년,청소년,상담/지원,수시,서울특별시 강서구 초원로11길 19 (방화동) 2층,,,02-3662-1388
기관,지역센터,ORG0076,서울구로구학교밖청소년지원센터,서울특별시 구로구,,청소년,청소년,상담/지원,수시,서울특별시 구로구 고척로1길 18 (오류동) 구로구청소년지원센터꿈드림,,,02-863-1318
기관,지역센터,ORG0077,서울금천구학교밖청소년지원센터,서울특별시 금천구,,청소년,청소년,상담/지원,수시,서울특별시 금천구 독산로32다길 17,,,02-803-1873
기관,지역센터,ORG0078,서울영등포구학교밖청소년지원센터,서울특별시 영등포구,,청소년,청소년,상담/지원,수시,서울특별시 영등포구 도영로 22길 36 해광빌딩 2층,http://www.young1318.com/sub05/sub01.php,,02-2637-1318
기관,지역센터,ORG0079,서울동작구학교밖청소년지원센터,서울특별시 동작구,,청소년,청소년,상담/지원,수시,서울특별시 동작구 여의대방로 20길 61 시립보라매청소년센터 슬기동 2층,www.djyc1388.or.kr/,,02-834-1358
기관,지역센터,ORG0080,서울관악구학교밖청소년지원센터,서울특별시 관악구,,청소년,청소년,상담/지원,수시,서울특별시 관악구 남부순환로234길 73 싱글벙글교육센터 벙글동 4층,http://www.go1318.or.kr,,02-877-9400
기관,지역센터,ORG0081,서울서초구학교밖청소년지원센터,서울특별시 서초구,,청소년,청소년,상담/지원,수시,"서울특별시 서초구 방배로 5길 11 2층, 서초구청소년상담복지센터",,,02-525-9128
기관,지역센터,ORG0082,서울강남구학교밖청소년지원센터,서울특별시 강남구,,청소년,청소년,상담/지원,수시,서울특별시 강남구 광평로 144 수서청소년수련관 2층,,,02-2226-8555
기관,지역센터,ORG0083,서울송파구학교밖청소년지원센터,서울특별시 송파구,,청소년,청소년,상담/지원,수시,"서울특별시 송파구 송파대로14길 7, 송파구청소년지원센터 꿈드림",https://spkdream.modoo.at/,,02-3402-1318
기관,지역센터,ORG0084,서울강동구학교밖청소년지원센터,서울특별시 강동구,,청소년,청소년,상담/지원,수시,서울특별시 강동구 아리수로93길 47 시립강동청소년센터 2층,,,02-6252-1388
기관,지역센터,ORG0085,부산광역시학교밖청소년지원센터,부산광역시 부산진구,,청소년,청소년,상담/지원,수시,"부산광역시 부산진구 서전로 43 (전포동) , 6층",http://www.cando.or.kr,,051-304-1318
기관,지역센터,ORG0086,부산중구학교밖청소년지원센터,부산광역시 중구,,청소년,청소년,상담/지원,수시,부산광역시 중구 남포길 39-2 3층,,,051-245-1388
기관,지역센터,ORG0087,부산서구학교밖청소년지원센터,부산광역시 서구,,청소년,청소년,상담/지원,수시,부산광역시 서구 시약로 125 (서대신동3가) 1층,http://www.flyseogu1388.or.kr/,,051-243-0701
기관,지역센터,ORG0088,부산동구학교밖청소년지원센터,부산광역시 동구,,청소년,청소년,상담/지원,수시,"부산광역시 동구 범곡로 9(3층, 동구청소년상담복지센터)",,,051-632-1388
기관,지역센터,ORG0089,부산영도구학교밖청소년지원센터,부산광역시 영도구,,청소년,청소년,상담/지원,수시,"부산광역시 영도구 절영로 321, 함지골수련관 1층",http://busanyouth.or.kr/,,051-405-5224
기관,지역센터,ORG0090,부산진구학교밖청소년지원센터,부산광역시 부산진구,,청소년,청소년,상담/지원,수시,"부산광역시 부산진구 동평로405번길85 ,2층",,,051-868-0905
기관,지역센터,ORG0091,부산동래구학교밖청소년지원센터,부산광역시 동래구,,청소년,청소년,상담/지원,수시,"부산광역시 동래구 중앙대로 1523 SK허브스카이 A3동 05,06호",http://www.1388youth.kr,,051-555-1389
기관,지역센터,ORG0092,부산남구학교밖청소년지원센터,부산광역시 남구,,청소년,청소년,상담/지원,수시,"부산광역시 남구 유엔평화로 24, 5층 남구청소년상담복지센터",,,051-621-4831
기관,지역센터,ORG0093,부산북구학교밖청소년지원센터,부산광역시 북구,,청소년,청소년,상담/지원,수시,부산광역시 북구 덕천로 3,https://www.bsbukgu.go.kr/youth/index.bsbukgu,,051-334-3003
기관,지역센터,ORG0094,부산해운대구학교밖청소년지원센터,부산광역시 해운대구,,청소년,청소년,상담/지원,수시,부산광역시 해운대구 재반로 151-21 해운대청소년수련관 4층,,,051-715-1388
기관,지역센터,ORG0095,부산사하구학교밖청소년지원센터,부산광역시 사하구,,청소년,청소년,상담/지원,수시,"부산광역시 사하구 대티로 59, 대티까지어울림센터 3층",https://saha1388.kr/,,051-207-7142
기관,지역센터,ORG0096,부산금정구학교밖청소년지원센터,부산광역시 금정구,,청소년,청소년,상담/지원,수시,"부산광역시 금정구 기찰로 96번길 47, 3층",,,051-714-2079
기관,지역센터,ORG0097,부산강서구학교밖청소년지원센터,부산광역시 강서구,,청소년,청소년,상담/지원,수시,"부산광역시 강서구 대저로63번길 31, 강서구종합사회복지관 2층",,,051-972-4595
기관,지역센터,ORG0098,부산연제구학교밖청소년지원센터,부산광역시 연제구,,청소년,청소년,상담/지원,수시,부산광역시 연제구 화지로52번길 7 (거제동) 해맞이둥지 4층,,,051-506-1385
기관,지역센터,ORG0099,부산수영구학교밖청소년지원센터,부산광역시 수영구,,청소년,청소년,상담/지원,수시,"부산광역시 수영구 수영로 521번길 77, 청소년문화의집 3층",http://meetyou.kr,,051-759-8422
기관,지역센터,ORG0100,부산사상구학교밖청소년지원센터,부산광역시 사상구,,청소년,청소년,상담/지원,수시,부산광역시 사상구 덕상로 129,,,051-316-2214
기관,지역센터,ORG0101,부산기장군학교밖청소년지원센터,부산광역시 기장군,,청소년,청소년,상담/지원,수시,부산광역시 기장군 기장읍 차성서로 86 대라다목적도서관 4층,,,051-792-4926
기관,지역센터,ORG0102,대구광역시학교밖청소년지원센터,대구광역시 남구,,청소년,청소년,상담/지원,수시,"대구광역시 남구 명덕로34길 16 (대명동) , 2층 대구광역시학교밖청소년지원센터 꿈드림",,,053-431-1388
기관,지역센터,ORG0103,대구중구학교밖청소년지원센터,대구광역시 중구,,청소년,청소년,상담/지원,수시,대구광역시 중구 국채보상로 541 8층,,,053-422-2121
기관,지역센터,ORG0104,대구동구학교밖청소년지원센터,대구광역시 동구,,청소년,청소년,상담/지원,수시,대구광역시 동구 화랑로 439 (방촌동) 3층,https://ansimdream.or.kr,,053-963-9400
기관,지역센터,ORG0105,대구서구학교밖청소년지원센터,대구광역시 서구,,청소년,청소년,상담/지원,수시,"대구광역시 서구 서대구로 222, 3층",,,053-216-8310
기관,지역센터,ORG0106,대구남구학교밖청소년지원센터,대구광역시 남구,,청소년,청소년,상담/지원,수시,"대구광역시 남구 현충로 64, 5층",,,053-652-8219
기관,지역센터,ORG0107,대구북구학교밖청소년지원센터,대구광역시 북구,,청소년,청소년,상담/지원,수시,대구광역시 북구 검단로 71-17(산격동) 북구청소년회관 2층,www.bukguzzang.co.kr,,053-384-6985
기관,지역센터,ORG0108,대구수성구학교밖청소년지원센터,대구광역시 수성구,,청소년,청소년,상담/지원,수시,"대구광역시 수성구 달구벌대로 2451, 5층",,,053-666-4205
기관,지역센터,ORG0109,대구달서구학교밖청소년지원센터,대구광역시 달서구,,청소년,청소년,상담/지원,수시,대구광역시 달서구 서당로 30 (신당동) 달서구학교밖청소년지원센터,,,053-592-1378
기관,지역센터,ORG0110,대구달성군학교밖청소년지원센터,대구광역시 달성군,,청소년,청소년,상담/지원,수시,대구광역시 달성군 현풍읍 테크노중앙대로 231 3층,,,053-614-1389
기관,지역센터,ORG0111,인천광역시학교밖청소년지원센터,인천광역시 동구,,청소년,청소년,상담/지원,수시,"인천광역시 동구 박문로 1 (송림동) , 청소년센터 1층",,,032-721-2330
기관,지역센터,ORG0112,인천중구학교밖청소년지원센터,인천광역시 중구,,청소년,청소년,상담/지원,수시,인천광역시 중구 참외전로 72번길 25 동인천동주민센터 3층,http://www.junggu1388.kr/,,032-765-1009
기관,지역센터,ORG0113,인천동구학교밖청소년지원센터,인천광역시 동구,,청소년,청소년,상담/지원,수시,인천광역시 동구 송림로 80 (송림동) 4층,http://www.dream1388.or.kr,,032-777-1383
기관,지역센터,ORG0114,인천미추홀구학교밖청소년지원센터,인천광역시 미추홀구,,청소년,청소년,상담/지원,수시,인천광역시 미추홀구 주안로 82 청소년지원센터 2층,,,비어있음
기관,지역센터,ORG0115,인천연수구학교밖청소년지원센터,인천광역시 연수구,,청소년,청소년,상담/지원,수시,인천광역시 연수구 비류대로235번길 2층,https://www.ysyouth.or.kr/,,032-822-9840
기관,지역센터,ORG0116,인천남동구학교밖청소년지원센터,인천광역시 남동구,,청소년,청소년,상담/지원,수시,"인천광역시 남동구 소래로 645, 남동구평생학습관 4층",,,032-471-1318
기관,지역센터,ORG0117,인천부평구학교밖청소년지원센터,인천광역시 부평구,,청소년,청소년,상담/지원,수시,인천광역시 부평구 산청로 129 (청천동) 2층,,,032-509-8916
기관,지역센터,ORG0118,인천계양구학교밖청소년지원센터,인천광역시 계양구,,청소년,청소년,상담/지원,수시,인천광역시 계양구 장제로 937 (계양구청소년수련관 4층),,,032-547-0853
기관,지역센터,ORG0119,인천서구학교밖청소년지원센터,인천광역시 서구,,청소년,청소년,상담/지원,수시,"인천광역시 서구 원적로 7번길 12, 2층(청소년지원센터 꿈드림)",https://www.sg1388.or.kr,,032-584-1387
기관,지역센터,ORG0120,광주광역시학교밖청소년지원센터,광주광역시 서구,,청소년,청소년,상담/지원,수시,"광주광역시 서구 학생독립로 37 (화정동) , 광주시청소년수련원 D동 2층",http://www.flyyouth.or.kr,,062-376-1324
기관,지역센터,ORG0121,광주동구학교밖청소년지원센터,광주광역시 동구,,청소년,청소년,상담/지원,수시,"광주광역시 동구 지원로 34 (소태동) , 3층",http://dgdream.or.kr,,062-673-1318
기관,지역센터,ORG0122,광주서구학교밖청소년지원센터,광주광역시 서구,,청소년,청소년,상담/지원,수시,광주광역시 서구 상무오월로 23 (쌍촌동) 3층,http://kdream1388.com/,,062-710-1388
기관,지역센터,ORG0123,광주남구학교밖청소년지원센터,광주광역시 남구,,청소년,청소년,상담/지원,수시,"광주광역시 남구 서문대로 693(진월동), 남구청소년상담복지센터 1층",,,062-716-1324
기관,지역센터,ORG0124,광주북구학교밖청소년지원센터,광주광역시 북구,,청소년,청소년,상담/지원,수시,광주광역시 북구 대천로 86 북구청소년수련관 1층,http://www.ok1388.kr,,062-268-1318
기관,지역센터,ORG0125,광주광산구학교밖청소년지원센터,광주광역시 광산구,,청소년,청소년,상담/지원,수시,광주광역시 광산구 무진대로 246-7(우산동) 우산LH 관리동 2층,,,062-951-1378
기관,지역센터,ORG0126,대전광역시학교밖청소년지원센터,대전광역시 동구,,청소년,청소년,상담/지원,수시,"대전광역시 동구 대전천동로 508 (원동) , 6층",http://cumdream.or.kr,,042-222-1388
기관,지역센터,ORG0127,대전서구학교밖청소년지원센터,대전광역시 서구,,청소년,청소년,상담/지원,수시,대전광역시 서구 월평로 71 (월평동) 4층,http://sgy1388.or.kr/,,042-527-1388
기관,지역센터,ORG0128,대전유성구학교밖청소년지원센터,대전광역시 유성구,,청소년,청소년,상담/지원,수시,"대전광역시 유성구 유성대로 798-1, 메디칼벤처센터 2층(장대동)",https://blog.naver.com/udream1388,,042-826-1388
기관,지역센터,ORG0129,울산광역시학교밖청소년지원센터,울산광역시 중구,,청소년,청소년,상담/지원,수시,"울산광역시 중구 강북로 105 (성남동, 롯데캐슬 스카이) , 2층 205호",http://www.counteen.or.kr/,,052-227-2000
기관,지역센터,ORG0130,울산남구학교밖청소년지원센터,울산광역시 남구,,청소년,청소년,상담/지원,수시,울산광역시 남구 돋질로 106 마이코즈 2층,https://www.ulsannamgu.go.kr/1388/cmm/main/usng_dream.do,,052-700-1388
기관,지역센터,ORG0131,울산동구학교밖청소년지원센터,울산광역시 동구,,청소년,청소년,상담/지원,수시,울산광역시 동구 대학길 59 (화정동) 3층,http://www.friend5279.or.kr,,052-201-5279
기관,지역센터,ORG0132,울산북구학교밖청소년지원센터,울산광역시 북구,,청소년,청소년,상담/지원,수시,"울산광역시 북구 제내1길 6, 복음빌딩 4층",,,052-281-0924
기관,지역센터,ORG0133,울산울주군학교밖청소년지원센터,울산광역시 울주군,,청소년,청소년,상담/지원,수시,울산광역시 울주군 온산읍 덕신로 299 6층,https://www.uljusiseol.or.kr/ulju1388/,,052-229-9635
기관,지역센터,ORG0134,세종특별자치시학교밖청소년지원센터,세종특별자치시 *,,청소년,청소년,상담/지원,수시,"세종특별자치시 조치원읍 새내로 108 , 2층(세종시청소년지원센터 꿈드림)",https://sj1388.or.kr/,,044-868-1318
기관,지역센터,ORG0135,경기도학교밖청소년지원센터,경기도 수원시 영통구,,청소년,청소년,상담/지원,수시,"경기도 수원시 영통구 광교로 156 (이의동) , 광교비즈니스센터 105호",https://gdream.or.kr,,031-253-1519
기관,지역센터,ORG0136,수원시학교밖청소년지원센터,경기도 수원시 팔달구,,청소년,청소년,상담/지원,수시,경기도 수원시 팔달구 권광로 293 수원청소년문화센터 B1층,,,031-236-1317
기관,지역센터,ORG0137,성남시학교밖청소년지원센터,경기도 성남시 중원구,,청소년,청소년,상담/지원,수시,경기도 성남시 중원구 마지로 54 (하대원동) 2층 성남시학교밖청소년지원센터,,,031-729-9150
기관,지역센터,ORG0138,의정부시학교밖청소년지원센터,경기도 의정부시,,청소년,청소년,상담/지원,수시,"경기도 의정부시 둔야로 9, 5층",,,031-828-9572
기관,지역센터,ORG0139,안양시학교밖청소년지원센터,경기도 안양시 만안구,,청소년,청소년,상담/지원,수시,경기도 안양시 만안구 안양로 263번길 31(안양동) 1층,,,031-8045-5012
기관,지역센터,ORG0140,부천시학교밖청소년지원센터,경기도 부천시,,청소년,청소년,상담/지원,수시,경기도 부천시 경인로 92번길 33 송내어울마당 5층,,,032-327-2232
기관,지역센터,ORG0141,광명시학교밖청소년지원센터,경기도 광명시,,청소년,청소년,상담/지원,수시,경기도 광명시 디지털로 34 노둣돌 1호동 3층,https://gmyouth.or.kr/kdream/index.do,,02-6677-1318
기관,지역센터,ORG0142,평택시학교밖청소년지원센터,경기도 평택시,,청소년,청소년,상담/지원,수시,경기도 평택시 평남로 616 청소년문화센터 2층 꿈드림,,,070-4159-5482
기관,지역센터,ORG0143,동두천시학교밖청소년지원센터,경기도 동두천시,,청소년,청소년,상담/지원,수시,경기도 동두천시 동두천로 314 (생연동) 동두천시복합문화커뮤니티센터 3층,https://1388.tistory.com/,,031-865-2000
기관,지역센터,ORG0144,안산시학교밖청소년지원센터,경기도 안산시 단원구,,청소년,청소년,상담/지원,수시,경기도 안산시 단원구 원초로 76 (초지동) 4층 안산시학교밖청소년지원센터,https://www.aycc.org/,,031-364-1018
기관,지역센터,ORG0145,고양시학교밖청소년지원센터,경기도 고양시,,청소년,청소년,상담/지원,수시,경기도 고양시 덕양구 중앙로 633번길 25 토당청소년수련관 2층,,,031-995-4270
기관,지역센터,ORG0146,과천시학교밖청소년지원센터,경기도 과천시,,청소년,청소년,상담/지원,수시,"경기도 과천시 공원마을1길 54 (문원동) 3층, 두번째 샛뜨락",,,02-504-5505
기관,지역센터,ORG0147,구리시학교밖청소년지원센터,경기도 구리시,,청소년,청소년,상담/지원,수시,경기도 구리시 안골로 32-1 (교문동) 1층 구리시 청소년 상담복지센터 청소년 지원센터 꿈드림,,,031-565-1388
기관,지역센터,ORG0148,남양주시학교밖청소년지원센터,경기도 남양주시,,청소년,청소년,상담/지원,수시,경기도 남양주시 다산지금로51-47 남양주시청소년수련관 2층 해밀교실라온짬,,,031-590-3946
기관,지역센터,ORG0149,오산시학교밖청소년지원센터,경기도 오산시,,청소년,청소년,상담/지원,수시,경기도 오산시 오산로278번길 3,,,031-372-4004
기관,지역센터,ORG0150,시흥시학교밖청소년지원센터,경기도 시흥시,,청소년,청소년,상담/지원,수시,"경기도 시흥시 정왕대로233번길 33 (정왕동) 3층, 학교밖청소년지원센터",https://www.shyouth.or.kr/shhch/main/view,,031-404-1318
기관,지역센터,ORG0151,군포시학교밖청소년지원센터,경기도 군포시,,청소년,청소년,상담/지원,수시,경기도 군포시 수리산로 112 (산본동) 슬기관 2층 군포시학교밖청소년지원센터,https://www.gpyf.or.kr/gpsp/contentsInfo.do?brd_mgrno=0&menu_no=1031,,031-399-1366
기관,지역센터,ORG0152,의왕시학교밖청소년지원센터,경기도 의왕시,,청소년,청소년,상담/지원,수시,"경기도 의왕시 안양판교로 82, 포일어울림센터2층",,,031-347-1334
기관,지역센터,ORG0153,하남시학교밖청소년지원센터,경기도 하남시,,청소년,청소년,상담/지원,수시,경기도 하남시 조정대로 111 청소년수련관 내 2층,,,031-760-5860
기관,지역센터,ORG0154,용인시학교밖청소년지원센터,경기도 용인시 처인구,,청소년,청소년,상담/지원,수시,"경기도 용인시 처인구 중부대로 1161번길 69-2, 2층",,,031-328-9848
기관,지역센터,ORG0155,파주시학교밖청소년지원센터,경기도 파주시,,청소년,청소년,상담/지원,수시,경기도 파주시 금릉역로 85 금릉역사 2층 파주시청소년지원센터 꿈드림,https://www.pcy.or.kr/kd/,,031-540-5340
기관,지역센터,ORG0156,이천시학교밖청소년지원센터,경기도 이천시,,청소년,청소년,상담/지원,수시,경기도 이천시 이섭대천로 1119 (증일동) 1층,http://www.icfyouth.or.kr/,,031-8011-3133
기관,지역센터,ORG0157,안성시학교밖청소년지원센터,경기도 안성시,,청소년,청소년,상담/지원,수시,경기도 안성시 공도읍 공도5로 28,,,031-647-6151
기관,지역센터,ORG0158,김포시학교밖청소년지원센터,경기도 김포시,,청소년,청소년,상담/지원,수시,경기도 김포시 걸포로76 중봉청소년수련관 3층,,,031-980-1691
기관,지역센터,ORG0159,화성시학교밖청소년지원센터,경기도 화성시,,청소년,청소년,상담/지원,수시,"경기도 화성시 봉담읍 효행로 212, 2층",https://hskdream.or.kr/,,031-278-0179
기관,지역센터,ORG0160,광주시학교밖청소년지원센터,경기도 광주시,,청소년,청소년,상담/지원,수시,경기도 광주시 회안대로 350-17 (태전동) 4층 꿈드림,http://www.ggj1388.or.kr,,031-762-1318
기관,지역센터,ORG0161,양주시학교밖청소년지원센터,경기도 양주시,,청소년,청소년,상담/지원,수시,경기도 양주시 고읍남로 205 양주청소년문화의집 3층,,,031-858-1318
기관,지역센터,ORG0162,포천시학교밖청소년지원센터,경기도 포천시,,청소년,청소년,상담/지원,수시,"경기도 포천시 소흘읍 호국로 523번길 59-56, 청소년교육문화센터 2층",,,031-540-0663
기관,지역센터,ORG0163,여주시학교밖청소년지원센터,경기도 여주시,,청소년,청소년,상담/지원,수시,경기도 여주시 청심로 88 3층,https://www.yeoju.go.kr/youth/index.do,,031-886-0541
기관,지역센터,ORG0164,가평군학교밖청소년지원센터,경기도 가평군,,청소년,청소년,상담/지원,수시,경기도 가평군 청평면 은고개로39 청평호반문화체육센터 1층,,,031-582-2000
기관,지역센터,ORG0165,양평군학교밖청소년지원센터,경기도 양평군,,청소년,청소년,상담/지원,수시,경기도 양평군 용문면 다문북길 59-7,,,031-770-3835
기관,지역센터,ORG0166,강원특별자치도학교밖청소년지원센터,강원특별자치도 춘천시,,청소년,청소년,상담/지원,수시,"강원특별자치도 춘천시 중앙로 14 (요선동) , 1층",https://www.gwdream.or.kr/,,033-257-9805
기관,지역센터,ORG0167,춘천시학교밖청소년지원센터,강원특별자치도 춘천시,,청소년,청소년,상담/지원,수시,강원특별자치도 춘천시 동내면 거두택지길 70 (춘천거두2지구행복주택) 2층 춘천꿈드림 청소년카페 DREAM,http://8181388.co.kr/,,033-818-1318
기관,지역센터,ORG0168,원주시학교밖청소년지원센터,강원특별자치도 원주시,,청소년,청소년,상담/지원,수시,강원특별자치도 원주시 서원대로 234 (단계동) 원주시청소년수련관 이음관 3층 꿈드림센터,http://www.wonju1388.kr/,,033-813-1318
기관,지역센터,ORG0169,강릉시학교밖청소년지원센터,강원특별자치도 강릉시,,청소년,청소년,상담/지원,수시,강원특별자치도 강릉시 임영로141번길 10 (용강동) 강릉시학교밖청소년지원센터 꿈드림,https://www.gn1388.or.kr/,,033-646-7942
기관,지역센터,ORG0170,동해시학교밖청소년지원센터,강원특별자치도 동해시,,청소년,청소년,상담/지원,수시,강원특별자치도 동해시 부곡1길 6 (부곡동) 2층,https://www.dh.go.kr/dhyc/index.do,,033-539-8175
기관,지역센터,ORG0171,태백시학교밖청소년지원센터,강원특별자치도 태백시,,청소년,청소년,상담/지원,수시,강원특별자치도 태백시 태백로 1663 (문곡동),,,033-582-1389
기관,지역센터,ORG0172,속초시학교밖청소년지원센터,강원특별자치도 속초시,,청소년,청소년,상담/지원,수시,강원특별자치도 속초시 관광로363번길 14 (노학동) 속초시청소년수련관 1층,,,033-635-0924
기관,지역센터,ORG0173,삼척시학교밖청소년지원센터,강원특별자치도 삼척시,,청소년,청소년,상담/지원,수시,강원특별자치도 삼척시 엑스포로 50-1 (성남동) 3층,,,033-575-5003
기관,지역센터,ORG0174,홍천군학교밖청소년지원센터,강원특별자치도 홍천군,,청소년,청소년,상담/지원,수시,강원특별자치도 홍천군 홍천읍 산림공원2길 31 2층 청소년상담복지센터,,,033-432-1386
기관,지역센터,ORG0175,영월군학교밖청소년지원센터,강원특별자치도 영월군,,청소년,청소년,상담/지원,수시,강원특별자치도 영월군 영월읍 제방안길 100,,,033-375-1318
기관,지역센터,ORG0176,정선군학교밖청소년지원센터,강원특별자치도 정선군,,청소년,청소년,상담/지원,수시,강원특별자치도 정선군 사북읍 사북6길 12-6,,,033-591-1314
기관,지역센터,ORG0177,철원군학교밖청소년지원센터,강원특별자치도 철원군,,청소년,청소년,상담/지원,수시,강원특별자치도 철원군 갈말읍 명성로179번길 26,,,033-450-5388
기관,지역센터,ORG0178,충청북도학교밖청소년지원센터,충청북도 청주시 상당구,,청소년,청소년,상담/지원,수시,충청북도 청주시 상당구 사직대로361번길 17 (영동) 1층 학교밖청소년지원센터,http://1388.cbyouth.net/www/main,,043-257-0105
기관,지역센터,ORG0179,청주시학교밖청소년지원센터,충청북도 청주시 상당구,,청소년,청소년,상담/지원,수시,"충청북도 청주시 상당구 중앙로 30, 7층(청하빌딩)",http://www.cj1388.or.kr/,,043-223-0753
기관,지역센터,ORG0180,서청주학교밖청소년지원센터,충청북도 청주시 흥덕구,,청소년,청소년,상담/지원,수시,충청북도 청주시 흥덕구 직지대로 351번길 56 (청주시청소년수련관 3층),http://www.1388cw.or.kr/,,043-264-8801
기관,지역센터,ORG0181,충주시학교밖청소년지원센터,충청북도 충주시,,청소년,청소년,상담/지원,수시,"충청북도 충주시 중원대로 3324, 1층",,,043-856-7804
기관,지역센터,ORG0182,제천시학교밖청소년지원센터,충청북도 제천시,,청소년,청소년,상담/지원,수시,"충청북도 제천시 의림대로 264, 2층(비둘기상가A동)",http://www.jc1318.or.kr,,043-642-7950
기관,지역센터,ORG0183,보은군학교밖청소년지원센터,충청북도 보은군,,청소년,청소년,상담/지원,수시,충청북도 보은군 보은읍 군청길 114,,,043-542-1388
기관,지역센터,ORG0184,옥천군학교밖청소년지원센터,충청북도 옥천군,,청소년,청소년,상담/지원,수시,충청북도 옥천군 옥천읍 동부로 39 청소년수련관 1층,,,043-731-1388
기관,지역센터,ORG0185,영동군학교밖청소년지원센터,충청북도 영동군,,청소년,청소년,상담/지원,수시,충청북도 영동군 영동읍 성안길 8 청소년수련관 2층,,,043-744-5700
기관,지역센터,ORG0186,증평군학교밖청소년지원센터,충청북도 증평군,,청소년,청소년,상담/지원,수시,충청북도 증평군 증평읍 보건복지로 64-2 청소년수련관 2층,,,043-835-4193
기관,지역센터,ORG0187,진천군학교밖청소년지원센터,충청북도 진천군,,청소년,청소년,상담/지원,수시,충청북도 진천군 진천읍 포석길 37-10(청소년수련관 4층),,,043-536-3430
기관,지역센터,ORG0188,괴산군학교밖청소년지원센터,충청북도 괴산군,,청소년,청소년,상담/지원,수시,충청북도 괴산군 괴산읍 읍내로6길 20-9,,,043-834-7945
기관,지역센터,ORG0189,음성군학교밖청소년지원센터,충청북도 음성군,,청소년,청소년,상담/지원,수시,충청북도 음성군 음성읍 문화1길 10-3 음성군학교밖청소년지원센터,http://www.es1388.or.kr/,,043-872-9024
기관,지역센터,ORG0190,단양군학교밖청소년지원센터,충청북도 단양군,,청소년,청소년,상담/지원,수시,"충청북도 단양군 단양읍 삼봉로 187-18, 청소년수련관 2층",,,043-421-8370
기관,지역센터,ORG0191,충청남도학교밖청소년지원센터,충청남도 천안시 서북구,,청소년,청소년,상담/지원,수시,"충청남도 천안시 서북구 두정로 181 (두정동) , 3층(대연빌딩)",https://cnyouth.or.kr/,,041-554-1380
기관,지역센터,ORG0192,천안시학교밖청소년지원센터,충청남도 천안시 동남구,,청소년,청소년,상담/지원,수시,충청남도 천안시 동남구 먹거리 11길 45,,,041-415-1318
기관,지역센터,ORG0193,공주시학교밖청소년지원센터,충청남도 공주시,,청소년,청소년,상담/지원,수시,충청남도 공주시 대통1길 69-1 공주시학교밖청소년지원센터,,,041-854-7942
기관,지역센터,ORG0194,보령시학교밖청소년지원센터,충청남도 보령시,,청소년,청소년,상담/지원,수시,"충청남도 보령시 문화원길9, 보령시청소년상담복지센터",http://www.dongmuya.or.kr/,,041-935-1388
기관,지역센터,ORG0195,아산시학교밖청소년지원센터,충청남도 아산시,,청소년,청소년,상담/지원,수시,충청남도 아산시 번영로54번길 21 (온천동) 2층~3층 아산시학교밖청소년지원센터,,,041-544-1388
기관,지역센터,ORG0196,서산시학교밖청소년지원센터,충청남도 서산시,,청소년,청소년,상담/지원,수시,"충청남도 서산시 서령로 136, 서산문화복지센터 청소년수련관 3층",http://haemaum.com/,,041-669-9056
기관,지역센터,ORG0197,논산시학교밖청소년지원센터,충청남도 논산시,,청소년,청소년,상담/지원,수시,충청남도 논산시 논산대로 424 (청소년청년재단 1층),https://www.nsyouth.or.kr/kr/,,041-730-6051
기관,지역센터,ORG0198,계룡시학교밖청소년지원센터,충청남도 계룡시,,청소년,청소년,상담/지원,수시,충청남도 계룡시 신도안면 송정길 174 2층,,,042-841-0343
기관,지역센터,ORG0199,당진시학교밖청소년지원센터,충청남도 당진시,,청소년,청소년,상담/지원,수시,"충청남도 당진시 무수동7길 142-26, 2층 당진시청소년상담복지센터",,,041-357-2000
기관,지역센터,ORG0200,금산군학교밖청소년지원센터,충청남도 금산군,,청소년,청소년,상담/지원,수시,충청남도 금산군 금산읍 인삼로 17 금산청소년미래센터 1층,,,041-751-1383
기관,지역센터,ORG0201,부여군학교밖청소년지원센터,충청남도 부여군,,청소년,청소년,상담/지원,수시,충청남도 부여군 규암면 수북로41번길 8-1 부여군학교밖청소년지원센터 꿈드림,,,041-837-1885
기관,지역센터,ORG0202,서천군학교밖청소년지원센터,충청남도 서천군,,청소년,청소년,상담/지원,수시,"충청남도 서천군 서천읍 서천향교길 3, 2층",,,041-953-4040
기관,지역센터,ORG0203,청양군학교밖청소년지원센터,충청남도 청양군,,청소년,청소년,상담/지원,수시,충청남도 청양군 청양읍 문화예술로 187-1 청소년문화의집 3층,,,041-942-1388
기관,지역센터,ORG0204,홍성군학교밖청소년지원센터,충청남도 홍성군,,청소년,청소년,상담/지원,수시,충청남도 홍성군 홍북읍 홍학로 48 4층 홍성군청소년상담복지센터,,,041-642-1388
기관,지역센터,ORG0205,예산군학교밖청소년지원센터,충청남도 예산군,,청소년,청소년,상담/지원,수시,충청남도 예산군 예산읍 벚꽃로 214-17 2층,http://yesanyouth.or.kr/,,041-335-5700
기관,지역센터,ORG0206,태안군학교밖청소년지원센터,충청남도 태안군,,청소년,청소년,상담/지원,수시,충청남도 태안군 태안읍 백화로199,http://www.happy1388.or.kr,,041-674-2800
기관,지역센터,ORG0207,전북특별자치도학교밖청소년지원센터,전북특별자치도 전주시 덕진구,,청소년,청소년,상담/지원,수시,전북특별자치도 전주시 덕진구 팔달로 346 (진북동),,,063-273-1388
기관,지역센터,ORG0208,전주시학교밖청소년지원센터,전북특별자치도 전주시 완산구,,청소년,청소년,상담/지원,수시,"전북특별자치도 전주시 완산구 용머리로 94, 3층",http://www.jjsangdam.or.kr/,,063-227-1005
기관,지역센터,ORG0209,군산시학교밖청소년지원센터,전북특별자치도 군산시,,청소년,청소년,상담/지원,수시,전북특별자치도 군산시 동리 2길 7(삼학동),,,063-468-2870
기관,지역센터,ORG0210,익산시학교밖청소년지원센터,전북특별자치도 익산시,,청소년,청소년,상담/지원,수시,"전북특별자치도 익산시 인북로 187, 익산상공회의소 5층",www.iksan.go.kr/1388/index.iksan,,063-853-1388
기관,지역센터,ORG0211,정읍시학교밖청소년지원센터,전북특별자치도 정읍시,,청소년,청소년,상담/지원,수시,"전북특별자치도 정읍시 상동중앙로 14, 2층",,,063-537-5003
기관,지역센터,ORG0212,남원시학교밖청소년지원센터,전북특별자치도 남원시,,청소년,청소년,상담/지원,수시,전북특별자치도 남원시 충정로 72 남원시학교밖청소년지원센터 3층,,,063-633-1977
기관,지역센터,ORG0213,김제시학교밖청소년지원센터,전북특별자치도 김제시,,청소년,청소년,상담/지원,수시,전북특별자치도 김제시 도작로 224-32 (검산동),,,063-545-0112
기관,지역센터,ORG0214,완주군학교밖청소년지원센터,전북특별자치도 완주군,,청소년,청소년,상담/지원,수시,"전북특별자치도 완주군 삼례읍 삼봉로 125, 2층",,,063-291-3303
기관,지역센터,ORG0215,무주군학교밖청소년지원센터,전북특별자치도 무주군,,청소년,청소년,상담/지원,수시,"전북특별자치도 무주군 무주읍 한풍루로 326-34 3층, 무주군청소년상담복지센터",,,063-324-6688
기관,지역센터,ORG0216,순창군학교밖청소년지원센터,전북특별자치도 순창군,,청소년,청소년,상담/지원,수시,"전북특별자치도 순창군 순창읍 장류로 192, 청소년수련관 3층",http://www.sc1388.or.kr/,,063-652-1388
기관,지역센터,ORG0217,전라남도학교밖청소년지원센터,전라남도 목포시,,청소년,청소년,상담/지원,수시,"전라남도 목포시 용당로 304 (용해동) , 전라남도청소년미래재단 2층",,,061-242-7474
기관,지역센터,ORG0218,목포시학교밖청소년지원센터,전라남도 목포시,,청소년,청소년,상담/지원,수시,"전라남도 목포시 신흥로83번길 14, 목련아파트 복지동 1층",https://seafountain.mokpo.go.kr/youth/youth_support,,061-284-0924
기관,지역센터,ORG0219,여수시학교밖청소년지원센터,전라남도 여수시,,청소년,청소년,상담/지원,수시,전라남도 여수시 신월로 648 전남대학교 국동캠퍼스 협동관 1층,http://www.ys1388.or.kr/,,061-641-0924
기관,지역센터,ORG0220,순천시학교밖청소년지원센터,전라남도 순천시,,청소년,청소년,상담/지원,수시,"전라남도 순천시 장천안길 9, 3층",,,061-749-4235
기관,지역센터,ORG0221,나주시학교밖청소년지원센터,전라남도 나주시,,청소년,청소년,상담/지원,수시,전라남도 나주시 교육길 13 (빛가람동) D-5동 112호,http://nj1388.webmaker21.kr/,,061-335-1388
기관,지역센터,ORG0222,광양시학교밖청소년지원센터,전라남도 광양시,,청소년,청소년,상담/지원,수시,전라남도 광양시 광장로 14(중동) 광양시청소년문화센터 2층 꿈드림 사무실,,,061-795-7953
기관,지역센터,ORG0223,담양군학교밖청소년지원센터,전라남도 담양군,,청소년,청소년,상담/지원,수시,전라남도 담양군 담양읍 지침6길 29(지침리 112-1번) 3층(담빛청소년문화의집),,,061-381-0924
기관,지역센터,ORG0224,곡성군학교밖청소년지원센터,전라남도 곡성군,,청소년,청소년,상담/지원,수시,"전라남도 곡성군 옥과면 리문5길 11-5, 옥과청소년문화의집 5층",,,061-363-9584
기관,지역센터,ORG0225,구례군학교밖청소년지원센터,전라남도 구례군,,청소년,청소년,상담/지원,수시,"전라남도 구례군 구례읍 구례로 508, 2층 청소년상담복지센터",http://www.gr1388.kr/,,061-782-0881
기관,지역센터,ORG0226,고흥군학교밖청소년지원센터,전라남도 고흥군,,청소년,청소년,상담/지원,수시,"전라남도 고흥군 고흥읍 고흥로 1793 , 고흥군문화의집 2층 학교밖청소년지원센터",,,061-830-6056
기관,지역센터,ORG0227,보성군학교밖청소년지원센터,전라남도 보성군,,청소년,청소년,상담/지원,수시,"전라남도 보성군 보성읍 송재로 281-7, 보성군청소년문화의집 2층",http://www.bs1388.co.kr/,,061-853-1377
기관,지역센터,ORG0228,화순군학교밖청소년지원센터,전라남도 화순군,,청소년,청소년,상담/지원,수시,전라남도 화순군 화순읍 쌍충로 118-4 화순군청소년수련관 3층 학교밖청소년지원센터,http://www.hs1388.or.kr/,,061-375-7443
기관,지역센터,ORG0229,장흥군학교밖청소년지원센터,전라남도 장흥군,,청소년,청소년,상담/지원,수시,"전라남도 장흥군 장흥읍 흥성로 37-23, 2층",,,061-863-1318
기관,지역센터,ORG0230,강진군학교밖청소년지원센터,전라남도 강진군,,청소년,청소년,상담/지원,수시,"전라남도 강진군 강진읍 청렴길 1, 강진군청소년수련관 3층",http://www.gjyouth.co.kr/,,061-432-1388
기관,지역센터,ORG0231,해남군학교밖청소년지원센터,전라남도 해남군,,청소년,청소년,상담/지원,수시,"전라남도 해남군 해남읍 수성2길 9, 2층",,,061-535-1315
기관,지역센터,ORG0232,영암군학교밖청소년지원센터,전라남도 영암군,,청소년,청소년,상담/지원,수시,"전라남도 영암군 영암읍 영암로 1511, 영암군청소년센터 2층",,,061-470-6792
기관,지역센터,ORG0233,무안군학교밖청소년지원센터,전라남도 무안군,,청소년,청소년,상담/지원,수시,전라남도 무안군 무안읍 면성1길 130 무안군복합문화센터4층,,,061-450-5527
기관,지역센터,ORG0234,함평군학교밖청소년지원센터,전라남도 함평군,,청소년,청소년,상담/지원,수시,전라남도 함평군 함평읍 중앙길 212,http://nownow1388.or.kr/,,061-323-9995
기관,지역센터,ORG0235,영광군학교밖청소년지원센터,전라남도 영광군,,청소년,청소년,상담/지원,수시,전라남도 영광군 영광읍 물무로 84 정주새마을금고 2층,,,061-353-6188
기관,지역센터,ORG0236,장성군학교밖청소년지원센터,전라남도 장성군,,청소년,청소년,상담/지원,수시,전라남도 장성군 장성읍 역전로 199-10 3층 학교밖청소년지원센터,http://js1388.or.kr,,061-393-1387
기관,지역센터,ORG0237,완도군학교밖청소년지원센터,전라남도 완도군,,청소년,청소년,상담/지원,수시,"전라남도 완도군 완도읍 개포로 159번길 41, 완도군청소년문화의집 2층",https://wd1388.or.kr/,,061-555-2323
기관,지역센터,ORG0238,진도군학교밖청소년지원센터,전라남도 진도군,,청소년,청소년,상담/지원,수시,전라남도 진도군 진도읍 진도대로 7213 3층 진도군학교밖청소년지원센터,,,061-540-3181
기관,지역센터,ORG0239,신안군학교밖청소년지원센터,전라남도 신안군,,청소년,청소년,상담/지원,수시,전라남도 신안군 압해읍 압해로 876-22 가족센터 1층,http://www.shinan1388.com/,,061-240-8702
기관,지역센터,ORG0240,경상북도학교밖청소년지원센터,경상북도 안동시,,청소년,청소년,상담/지원,수시,경상북도 안동시 축제장길 20 (옥야동),,,054-850-1003
기관,지역센터,ORG0241,포항시학교밖청소년지원센터,경상북도 포항시,,청소년,청소년,상담/지원,수시,경상북도 포항시 북구 삼호로 533 청소년 수련관 2층,,,054-240-9171
기관,지역센터,ORG0242,경주시학교밖청소년지원센터,경상북도 경주시,,청소년,청소년,상담/지원,수시,경상북도 경주시 알천북로 131,,,054-760-7773
기관,지역센터,ORG0243,김천시학교밖청소년지원센터,경상북도 김천시,,청소년,청소년,상담/지원,수시,"경상북도 김천시 문당길 142, 청소년문화의집 3층",,,054-434-1399
기관,지역센터,ORG0244,안동시학교밖청소년지원센터,경상북도 안동시,,청소년,청소년,상담/지원,수시,"경상북도 안동시 축제장길42, 안동시청소년수련관 2층",,,054-841-7937
기관,지역센터,ORG0245,구미시학교밖청소년지원센터,경상북도 구미시,,청소년,청소년,상담/지원,수시,경상북도 구미시 구미중앙로 11길 13,,,054-472-2000
기관,지역센터,ORG0246,영주시학교밖청소년지원센터,경상북도 영주시,,청소년,청소년,상담/지원,수시,경상북도 영주시 광복로 63 영주청소년문화의집 2층,,,054-634-1324
기관,지역센터,ORG0247,영천시학교밖청소년지원센터,경상북도 영천시,,청소년,청소년,상담/지원,수시,"경상북도 영천시 운동장로 92, 청소년수련관 2F",,,054-338-2000
기관,지역센터,ORG0248,상주시학교밖청소년지원센터,경상북도 상주시,,청소년,청소년,상담/지원,수시,"경상북도 상주시 왕산로 219-11, 상주시청소년상담복지센터 2층",,,054-534-3511
기관,지역센터,ORG0249,문경시학교밖청소년지원센터,경상북도 문경시,,청소년,청소년,상담/지원,수시,"경상북도 문경시 중앙로 50, 문경시드림스타트 건물 3층",,,054-556-3000
기관,지역센터,ORG0250,경산시학교밖청소년지원센터,경상북도 경산시,,청소년,청소년,상담/지원,수시,경상북도 경산시 경산로 159-5 (옥산동) 3층,,,053-819-6400
기관,지역센터,ORG0251,고령군학교밖청소년지원센터,경상북도 고령군,,청소년,청소년,상담/지원,수시,경상북도 고령군 대가야읍 향교길 25 대가야행복드림1층,,,054-956-1320
기관,지역센터,ORG0252,칠곡군학교밖청소년지원센터,경상북도 칠곡군,,청소년,청소년,상담/지원,수시,"경상북도 칠곡군 왜관읍 2번도로길 83, 1층",,,054-971-0425
기관,지역센터,ORG0253,봉화군학교밖청소년지원센터,경상북도 봉화군,,청소년,청소년,상담/지원,수시,"경상북도 봉화군 봉화읍 내성로1길 17-20, 2층",http://bhw1318.or.kr/web/,,054-674-1318
기관,지역센터,ORG0254,울진군학교밖청소년지원센터,경상북도 울진군,,청소년,청소년,상담/지원,수시,"경상북도 울진군 울진읍 대나리항길 2, 울진군청소년수련관 2층",,,054-789-5436
기관,지역센터,ORG0255,경상남도학교밖청소년지원센터,경상남도 창원시 의창구,,청소년,청소년,상담/지원,수시,"경상남도 창원시 의창구 사림로45번길 59 (사림동) , 경남대표도서관 청소년관 3,4층",http://kdream.gnyouth.net/,,055-711-1336
기관,지역센터,ORG0256,창원시창원학교밖청소년지원센터,경상남도 창원시 성산구,,청소년,청소년,상담/지원,수시,경상남도 창원시 성산구 두대로 97 (삼동동) 3층 창원시창원학교밖청소년지원센터,,,055-225-3907
기관,지역센터,ORG0257,창원시마산학교밖청소년지원센터,경상남도 창원시 마산회원구,,청소년,청소년,상담/지원,수시,"경상남도 창원시 마산회원구 팔용로 128, 별관 2층",,,055-225-7292
기관,지역센터,ORG0258,창원시진해학교밖청소년지원센터,경상남도 창원시 진해구,,청소년,청소년,상담/지원,수시,"경상남도 창원시 진해구 진해대로 1101, 진해종합사회복지관 203호",,,055-225-3893
기관,지역센터,ORG0259,진주시학교밖청소년지원센터,경상남도 진주시,,청소년,청소년,상담/지원,수시,경상남도 진주시 북장대로 6번길 9(인사동) 청소년상담복지센터 2층,,,055-749-7939
기관,지역센터,ORG0260,통영시학교밖청소년지원센터,경상남도 통영시,,청소년,청소년,상담/지원,수시,경상남도 통영시 해미당1길 33 (무전동) 5층 통영시학교밖청소년지원센터,,,055-641-0079
기관,지역센터,ORG0261,사천시학교밖청소년지원센터,경상남도 사천시,,청소년,청소년,상담/지원,수시,"경상남도 사천시 문선4길 23, 사천시청소년수련관 3층",https://www.youthsacheon.com/,,055-831-4570
기관,지역센터,ORG0262,김해시학교밖청소년지원센터,경상남도 김해시,,청소년,청소년,상담/지원,수시,경상남도 김해시 가락로 176번길 3,https://www.gimhae.go.kr/00976/01487/04820.web,,055-314-1388
기관,지역센터,ORG0263,밀양시학교밖청소년지원센터,경상남도 밀양시,,청소년,청소년,상담/지원,수시,"경상남도 밀양시 삼문송림길26, 청소년수련관2층",http://www.miryang1388.kr/,,055-352-0924
기관,지역센터,ORG0264,거제시학교밖청소년지원센터,경상남도 거제시,,청소년,청소년,상담/지원,수시,"경상남도 거제시 계룡로 175 (고현동) 1층, 거제시학교밖청소년지원센터",https://www.geoje.go.kr/youthplatform/main.html,,055-639-4801
기관,지역센터,ORG0265,양산시학교밖청소년지원센터,경상남도 양산시,,청소년,청소년,상담/지원,수시,"경상남도 양산시 웅상대로 1009-2, 지하1층",,,055-367-1318
기관,지역센터,ORG0266,의령군학교밖청소년지원센터,경상남도 의령군,,청소년,청소년,상담/지원,수시,"경상남도 의령군 의령읍 의령대로 1577-25, 청소년문화의집 2층",,,055-570-4972
기관,지역센터,ORG0267,함안군학교밖청소년지원센터,경상남도 함안군,,청소년,청소년,상담/지원,수시,"경상남도 함안군 가야읍 말산1길 10, 청소년수련관 2층",,,055-583-0921
기관,지역센터,ORG0268,창녕군학교밖청소년지원센터,경상남도 창녕군,,청소년,청소년,상담/지원,수시,"경상남도 창녕군 창녕읍 화왕산1로 46, 창녕청소년수련관 5층",,,055-532-2000
기관,지역센터,ORG0269,고성군학교밖청소년지원센터,경상남도 고성군,,청소년,청소년,상담/지원,수시,"경상남도 고성군 고성읍 성내로 61, 고성군청소년센터 '온' 3층",,,055-670-2967
기관,지역센터,ORG0270,남해군학교밖청소년지원센터,경상남도 남해군,,청소년,청소년,상담/지원,수시,경상남도 남해군 남해읍 망운로 32 종합사회복지관 3층,,,055-864-7962
기관,지역센터,ORG0271,하동군학교밖청소년지원센터,경상남도 하동군,,청소년,청소년,상담/지원,수시,경상남도 하동군 하동읍 중앙로 72 청소년수련관 2층,,,055-884-3001
기관,지역센터,ORG0272,산청군학교밖청소년지원센터,경상남도 산청군,,청소년,청소년,상담/지원,수시,경상남도 산청군 산청읍 웅석봉로 92 산청군청소년수련관 2층,,,055-970-6596
기관,지역센터,ORG0273,함양군학교밖청소년지원센터,경상남도 함양군,,청소년,청소년,상담/지원,수시,경상남도 함양군 함양읍 용평4길 13 4층 함양군학교밖청소년지원센터,,,055-960-4972
기관,지역센터,ORG0274,거창군학교밖청소년지원센터,경상남도 거창군,,청소년,청소년,상담/지원,수시,경상남도 거창군 거창읍 교촌길 100-30 청소년수련관3층,,,055-940-8860
기관,지역센터,ORG0275,합천군학교밖청소년지원센터,경상남도 합천군,,청소년,청소년,상담/지원,수시,"경상남도 합천군 경남 합천군 합천읍 옥산로 96-5 (합천리, 청소년문화의집)",,,055-930-3909
기관,지역센터,ORG0276,제주특별자치도학교밖청소년지원센터,제주특별자치도 제주시,,청소년,청소년,상담/지원,수시,"제주특별자치도 제주시 고마로 152 (이도이동) , 2층",http://jejukdream.or.kr,,064-759-9982
기관,지역센터,ORG0277,제주시학교밖청소년지원센터,제주특별자치도 제주시,,청소년,청소년,상담/지원,수시,"제주특별자치도 제주시 월랑북길 38, 4층",,,064-744-5999
기관,지역센터,ORG0278,서귀포시학교밖청소년지원센터,제주특별자치도 서귀포시,,청소년,청소년,상담/지원,수시,"제주특별자치도 서귀포시 일주동로 8643, 2층(서귀동)",,,비어있음
기관,지역센터,ORG0279,연천군학교밖청소년지원센터,경기도 연천군,,청소년,청소년,상담/지원,수시,경기도 연천군 연천읍 문화로 140 2층 연천군학교밖청소년지원센터,,,031-834-1388
기관,지역센터,ORG0280,평창군학교밖청소년지원센터,강원특별자치도 평창군,,청소년,청소년,상담/지원,수시,강원특별자치도 평창군 평창읍 종부로 61 3층,https://www.pc1388.or.kr,,033-335-7922
기관,지역센터,ORG0281,서울시청소년상담복지센터,서울특별시 중구,,청소년,청소년,상담/지원,수시,(04543) 서울특별시 중구 을지로 11길 23 7층,www.teen1318.or.kr,,02-2285-1318
기관,지역센터,ORG0282,종로구청소년상담복지센터,서울특별시 종로구,,청소년,청소년,상담/지원,수시,(03065) 서울특별시 종로구 명륜길 90,www.jongno1318.or.kr,,02-762-1318
기관,지역센터,ORG0283,용산구청소년상담복지센터,서울특별시 용산구,,청소년,청소년,상담/지원,수시,(04316) 서울특별시 용산구 백범로 329(원효로 1가) 꿈나무종합타운 4층,www.dodoit.or.kr,,02-3273-5820
기관,지역센터,ORG0284,성동구청소년상담복지센터,서울특별시 성동구,,청소년,청소년,상담/지원,수시,(04718) 서울특별시 성동구 행당로6길 24-15,http://sdyc.or.kr,,02-2299-1388
기관,지역센터,ORG0285,광진구청소년상담복지센터,서울특별시 광진구,,청소년,청소년,상담/지원,수시,(05072) 서울특별시 광진구 아차산로 24길 17 자양공공힐링센터 3층,www.light1318.or.kr,,02-2205-2300
기관,지역센터,ORG0286,동대문구청소년상담복지센터,서울특별시 동대문구,,청소년,청소년,상담/지원,수시,"(02586) 서울특별시 동대문구 천호대로2길 23-9, 신설동복지지원센터 2층",www.ddm1318.or.kr,,02-2236-1318
기관,지역센터,ORG0287,중랑구청소년상담복지센터,서울특별시 중랑구,,청소년,청소년,상담/지원,수시,(02254) 서울특별시 중랑구 용마산로 217 청소년수련관 3층,www.jn1318.or.kr,,02-496-1895
기관,지역센터,ORG0288,성북구청소년상담복지센터,서울특별시 성북구,,청소년,청소년,상담/지원,수시,(02814) 서울특별시 성북구 정릉로 242 성북아동청소년센터 4층,www.sb1318.or.kr,,02-3292-1388
기관,지역센터,ORG0289,성북구석관청소년상담복지센터,서울특별시 성북구,,청소년,청소년,상담/지원,수시,(02784) 서울특별시 성북구 돌곶이로 18길 3-9,www.sb1318.or.kr,,02-963-1318
기관,지역센터,ORG0290,강북구청소년상담복지센터,서울특별시 강북구,,청소년,청소년,상담/지원,수시,(01012) 서울특별시 강북구 4.19로 74 강북청소년수련관 3층,www.gb1318.or.kr,,02-6715-6661
기관,지역센터,ORG0291,도봉구청소년상담복지센터,서울특별시 도봉구,,청소년,청소년,상담/지원,수시,(01412) 서울특별시 도봉구 노해로 69길 132 문화체육센터 1층,www.db1318.or.kr,,02-6956-4501
기관,지역센터,ORG0292,노원구청소년상담복지센터,서울특별시 노원구,,청소년,청소년,상담/지원,수시,(01616) 서울특별시 노원구 수락산로212-19 2층,www.nowonyouthcenter.org,,02-2091-1388
기관,지역센터,ORG0293,은평구청소년상담복지센터,서울특별시 은평구,,청소년,청소년,상담/지원,수시,(03476) 서울특별시 은평구 백련산로 4길 16 은평청소년수련관,www.woori1318.or.kr,,02-384-1318
기관,지역센터,ORG0294,서대문구청소년상담복지센터,서울특별시 서대문구,,청소년,청소년,상담/지원,수시,(03676) 서울특별시 서대문구 증가로30길 45-9 휴먼센터 3~4층 ,www.sdm7979.or.kr/,,02-3141-1318
기관,지역센터,ORG0295,마포구청소년상담복지센터,서울특별시 마포구,,청소년,청소년,상담/지원,수시,(04016) 서울특별시 마포구 희우정로 77 마포한강아이파크 상가동,www.mapo1388.or.kr,,02-6376-9900
기관,지역센터,ORG0296,양천구청소년상담복지센터,서울특별시 양천구,,청소년,청소년,상담/지원,수시,"(08067) 서울특별시 양천구 남부순환로83길 53, 신월6동 행정복합타운 2층",http://yangcheon1388.or.kr/,,02-2646-8341
기관,지역센터,ORG0297,강서구청소년상담복지센터,서울특별시 강성구,,청소년,청소년,상담/지원,수시,(07718) 서울특별시 강서구 화곡로 18길 14-5,www.gs1318.or.kr ,,02-2061-8998
기관,지역센터,ORG0298,구로구청소년상담복지센터,서울특별시 구로구,,청소년,청소년,상담/지원,수시,(08365) 서울특별시 구로구 오리로 1115 천왕동청소년문화의집 2층  ,www.guro1318.or.kr,,02-867-1318
기관,지역센터,ORG0299,금천구청소년상담복지센터,서울특별시 금천구,,청소년,청소년,상담/지원,수시,(08569) 서울특별시 금천구 독산로32다길 17(시흥4동),www.gc1388.or.kr,,02-803-1873
기관,지역센터,ORG0300,영등포구청소년상담복지센터,서울특별시 영등포구,,청소년,청소년,상담/지원,수시,(07317) 서울특별시 영등포구 도영로22길 36 해광빌딩 2층,www.young1318.com,,02-2676-6114
기관,지역센터,ORG0301,동작구청소년상담복지센터,서울특별시 동작구,,청소년,청소년,상담/지원,수시,(07062) 서울특별시 동작구 여의대방로 20길 61 시립보라매청소년센터 슬기동 2층,http://djyc1388.or.kr/,,02-845-1388
기관,지역센터,ORG0302,관악구청소년상담복지센터,서울특별시 관악구,,청소년,청소년,상담/지원,수시,(08790) 서울특별시 관악구 남부순환로 234길 73 싱글벙글교육센터 벙글동 4층,http://go1318.or.kr/,,02-872-1318
기관,지역센터,ORG0303,서초구청소년상담복지센터,서울특별시 서초구,,청소년,청소년,상담/지원,수시," (06703) 서울특별시 서초구 방배로5길 11 2층 (방배동, 구립방배유스센터 내)",http://seocho1318.com/,,02-525-9128
기관,지역센터,ORG0304,강남구청소년상담복지센터,서울특별시 강남구,,청소년,청소년,상담/지원,수시,(06362) 서울특별시 강남구 광평로 144 (수서동 749) 2층,www.gnyc.or.kr,,02-2226-7667
기관,지역센터,ORG0305,송파구청소년상담복지센터,서울특별시 송파구,,청소년,청소년,상담/지원,수시,(05834) 서울특별시 송파구 중대로 4길 4 송파구청소년센터 3층,www.sp1318.or.kr,,02-449-7173
기관,지역센터,ORG0306,강동구청소년상담복지센터,서울특별시 강동구,,청소년,청소년,상담/지원,수시,(05211) 서울특별시 강동구 아리수로93길 47 서울시립강동청소년수련관 2층 ,http://www.wagle.or.kr,,070-8819-1388
기관,지역센터,ORG0307,부산광역시청소년상담복지센터,부산광역시 부산진구,,청소년,청소년,상담/지원,수시,(47247) 부산광역시 부산진구 서전로 43 6층 (전포동),http://www.cando.or.kr/,,051-804-5001
기관,지역센터,ORG0308,부산중구청소년상담복지센터,부산광역시 중구,,청소년,청소년,상담/지원,수시,(48954) 부산광역시 중구 남포길 39-2 3층,www.junggu1388.or.kr,,051-231-1388
기관,지역센터,ORG0309,부산서구청소년상담복지센터,부산광역시 서구,,청소년,청소년,상담/지원,수시,(49206) 부산광역시 서구 시약로 125 1층,www.flyseogu1388.or.kr ,,051-714-3013
기관,지역센터,ORG0310,부산동구청소년상담복지센터,부산광역시 동구,,청소년,청소년,상담/지원,수시,(48723) 부산광역시 동구 범곡로 9 비전센터 3층,http://bsdg1388.kr/,,051-632-1388
기관,지역센터,ORG0311,영도구청소년상담복지센터,부산광역시 영도구,,청소년,청소년,상담/지원,수시,(49113) 부산광역시 영도구 절영로 321 함지골청소년수련관 1층,www.busanyouth.or.kr,,051-405-5605
기관,지역센터,ORG0312,부산진구청소년상담복지센터,부산광역시 부산진구,,청소년,청소년,상담/지원,수시,"(47209) 부산광역시 부산진구 동평로 405번길 85, 양정청소년수련관 2층",http://bsjin1388.or.kr,,051-868-0956
기관,지역센터,ORG0313,동래구청소년상담복지센터,부산광역시 동래구,,청소년,청소년,상담/지원,수시,"(47710) 부산광역시 동래구 중앙대로 1523 SK허브스카이 A3동 05호, 06호 3층",www.1388youth.kr ,,051-555-1388 
기관,지역센터,ORG0314,부산남구청소년상담복지센터,부산광역시 남구,,청소년,청소년,상담/지원,수시,(48494) 부산광역시 남구 유엔평화로 24 5층,www.namgu1388.kr,,051-621-1389
기관,지역센터,ORG0315,부산북구청소년상담복지센터,부산광역시 북구,,청소년,청소년,상담/지원,수시,(46579) 부산광역시 북구 덕천로3(구포1동 610-1),http://www.bsbukgu.go.kr/youth ,,051-343-1388
기관,지역센터,ORG0316,해운대구청소년상담복지센터,부산광역시 해운대구,,청소년,청소년,상담/지원,수시,(48051) 부산광역시 해운대구 재반로 151-21 해운대청소년수련관 4층,www.u-dream.or.kr,,051-731-4046
기관,지역센터,ORG0317,사하구청소년상담복지센터,부산광역시 사하구,,청소년,청소년,상담/지원,수시,(49412) 부산광역시 사하구 동매로 161 ,www.saha1388.kr,,051-207-7169
기관,지역센터,ORG0318,금정구청소년상담복지센터,부산광역시 금정구,,청소년,청소년,상담/지원,수시,(46267) 부산광역시 금정구 기찰로 96번길 47 2층,www.gjyouth1388.or.kr,,051-581-2084
기관,지역센터,ORG0319,연제구청소년상담복지센터,부산광역시 연제구,,청소년,청소년,상담/지원,수시,(47525) 부산광역시 연제구 월드컵대로 243번길 19 거제동원타워상가 503호,www.yeonje1388.or.kr,,051-506-1386
기관,지역센터,ORG0320,수영구청소년상담복지센터,부산광역시 수영구,,청소년,청소년,상담/지원,수시,(48264) 부산광역시 수영구 수영로 521번길 77 청소년문화의집 3층,www.meetyou.kr,,051-759-8413
기관,지역센터,ORG0321,사상구청소년상담복지센터,부산광역시 사상구,,청소년,청소년,상담/지원,수시,(46927) 부산광역시 사상구 백양대로 952 사상아동보건센터 3층,http://sasang1388.kr/,,051-327-1388
기관,지역센터,ORG0322,기장군청소년상담복지센터,부산광역시 기장구,,청소년,청소년,상담/지원,수시,(46069) 부산광역시 기장군 기장읍 차성서로 86 대라다목적도서관 4층,http://gijangcmc.or.kr/1388/main/main.asp,,051-792-4880
기관,지역센터,ORG0323,대구광역시청소년상담복지센터,대구광역시 중구,,청소년,청소년,상담/지원,수시,(41934) 대구광역시 중구 중앙대로 81길 66-5 대구청소년지원재단 3층,www.daeguyouth.net,,053-659-6240
기관,지역센터,ORG0324,대구중구청소년상담복지센터,대구광역시 중구,,청소년,청소년,상담/지원,수시,(41919) 대구광역시 중구 국채보상로 541 8층,http://www.ymca1388.or.kr/ ,,053-423-1377
기관,지역센터,ORG0325,대구동구청소년상담복지센터,대구광역시 동구,,청소년,청소년,상담/지원,수시,(41155) 대구광역시 동구 동촌로 16길 20 아인빌딩 2층,http://www.dg1388.or.kr,,053-984-1319
기관,지역센터,ORG0326,대구서구청소년상담복지센터,대구광역시 서구,,청소년,청소년,상담/지원,수시,(41770) 대구광역시 서구 서대구로222 3층,www.seoguc8310.or.kr ,,053-562-1388
기관,지역센터,ORG0327,대구남구청소년상담복지센터,대구광역시 남구,,청소년,청소년,상담/지원,수시,(42410) 대구광역시 남구 중앙대로 49길 25 2층,www.dng1388.or.kr,,053-624-0996
기관,지역센터,ORG0328,대구북구청소년상담복지센터,대구광역시 북구,,청소년,청소년,상담/지원,수시,(41439) 대구광역시 북구 칠곡중앙대로561 읍내동행정복지센터 3층,www.teen1388.or.kr,,053-324-1388
기관,지역센터,ORG0329,수성구청소년상담복지센터,대구광역시 수성구,,청소년,청소년,상담/지원,수시,(42027) 대구광역시 수성구 달구벌대로 2451 범어도서관 5층,http://ss1388.suseong.kr ,,053-759-1388
기관,지역센터,ORG0330,달서구청소년상담복지센터,대구광역시 달서구,,청소년,청소년,상담/지원,수시,(42726) 대구광역시 달서구 학산로 7길 39 (월성동),www.dalbi1388.or.kr,,053-638-1388
기관,지역센터,ORG0331,대구달성군청소년상담복지센터,대구광역시 달성군,,청소년,청소년,상담/지원,수시,(43017) 대구광역시 달성군 현풍읍 테크노중앙대로 231,http://www.ds1388.or.kr/ds1388/,,053-614-1388
기관,지역센터,ORG0332,군위군청소년상담복지센터,대구광역시 군위군,,청소년,청소년,상담/지원,수시,(43113) 대구광역시 군위군 군위읍 군청로 158 군위국민체육센터 3층 ,http://www.gunwi.go.kr/ko/page.do?mnu_uid=312&,,054-382-1388
기관,지역센터,ORG0333,인천광역시청소년상담복지센터,인천광역시 동구,,청소년,청소년,상담/지원,수시,(22573) 인천광역시 동구 박문로 1. 인천교구 가톨릭청소년센터 1층,www.inyouth.or.kr,,032-429-0394
기관,지역센터,ORG0334,인천중구청소년상담복지센터,인천광역시 중구,,청소년,청소년,상담/지원,수시,"(22408) 인천광역시 중구 송산로 52, 중구청소년수련관 1층",www.junggu1388.kr,,032-773-1317
기관,지역센터,ORG0335,인천중구동인천청소년상담복지센터,인천광역시 중구,,청소년,청소년,상담/지원,수시,"(22309) 인천광역시 중구 참외전로72번길 25, 동인천동 행정복지센터 3층",www.junggu1388.kr,,032-747-1318
기관,지역센터,ORG0336,인천동구청소년상담복지센터,인천광역시 동구,,청소년,청소년,상담/지원,수시,"(22556) 인천광역시 동구 송림로 80, 4층",www.dream1388.or.kr,,032-777-1388
기관,지역센터,ORG0337,인천미추홀구청소년상담복지센터,인천광역시 미추홀구,,청소년,청소년,상담/지원,수시,(22136) 인천광역시 미추홀구 주안로82(주안1동 232-3) 청소년미디어센터 5층,www.michu1388.or.kr,,032-862-4877
기관,지역센터,ORG0338,연수구청소년상담복지센터,인천광역시 연수구,,청소년,청소년,상담/지원,수시,(21936) 인천광역시 연수구 원인재로 283 연수3동 주민센터 4층        ,www.ysyouth.or.kr,,032-818-0358
기관,지역센터,ORG0339,남동구청소년상담복지센터,인천광역시 남동구,,청소년,청소년,상담/지원,수시,(21589) 인천광역시 남동구 소래로 645 남동구평생학습관 2층,http://nd1388.or.kr,,032-468-1388
기관,지역센터,ORG0340,부평구청소년상담복지센터,인천광역시 부평구,,청소년,청소년,상담/지원,수시,"(21303) 인천광역시 부평구 산청로 129, 2층",http://portal.icbp.go.kr/1388/,,032-509-8916
기관,지역센터,ORG0341,계양구청소년상담복지센터,인천광역시 계양구,,청소년,청소년,상담/지원,수시,"(21109) 인천광역시 계양구 봉오대로 600번길 20, 2층",www.gyeyang1388.or.kr,,032-547-0855
기관,지역센터,ORG0342,인천서구청소년상담복지센터,인천광역시 서구,,청소년,청소년,상담/지원,수시,(22819) 인천광역시 서구 원적로 7번길 12 가좌청소년센터 2층 ,www.sg1388.or.kr,,032-584-1386
기관,지역센터,ORG0343,강화군청소년상담복지센터,인천광역시 강화군,,청소년,청소년,상담/지원,수시,"(23033) 인천광역시 강화군 강화읍 향나무길 22번길 30-1, 2층",ghycw.ganghwa.go.kr,,032-932-1388
기관,지역센터,ORG0344,광주광역시청소년상담복지센터,광주광역시 서구,,청소년,청소년,상담/지원,수시,"(62024) 광주광역시 서구 학생독립로 37, 광주광역시청소년수련원 D동 3층",www.gj1388.or.kr,,062-226-8181
기관,지역센터,ORG0345,광주동구청소년상담복지센터,광주광역시 동구,,청소년,청소년,상담/지원,수시,(61482) 광주광역시 동구 금남로 246 광주 YMCA 3층,www.dg1388.com,,062-229-3308
기관,지역센터,ORG0346,광주서구청소년상담복지센터,광주광역시 서구,,청소년,청소년,상담/지원,수시,(61966) 광주광역시 서구 상무오월로 23(쌍촌동) 3층,www.happy1388.com,,062-375-1388
기관,지역센터,ORG0347,광주남구청소년상담복지센터,광주광역시 남구,,청소년,청소년,상담/지원,수시,(61727) 광주광역시 남구 서문대로 693,www.1388namgu.or.kr,,062-675-1388
기관,지역센터,ORG0348,광주북구청소년상담복지센터,광주광역시 북구,,청소년,청소년,상담/지원,수시,"(61132) 광주광역시 북구 대천로 86, 북구청소년수련관 1층 (문흥동 1009-1)",www.ok1388.kr,,062-251-1388
기관,지역센터,ORG0349,광산구청소년상담복지센터,광주광역시 광산구,,청소년,청소년,상담/지원,수시,(62363) 광주광역시 광산구 무진대로 246-7 2층,www.gsg1388.or.kr ,,062-943-1388
기관,지역센터,ORG0350,대전광역시청소년상담복지센터,대전광역시 동구,,청소년,청소년,상담/지원,수시,(34630) 대전광역시 동구 대전천동로 508 6층,www.dj1388.or.kr,,042-252-6577
기관,지역센터,ORG0351,대전서구청소년상담복지센터,대전광역시 서구,,청소년,청소년,상담/지원,수시,"(35223) 대전광역시 서구 월평로 71(월평동, 태호빌딩) 3층",http://www.sgy1388.or.kr,,042-527-1112
기관,지역센터,ORG0352,유성구청소년상담복지센터,대전광역시 유성구,,청소년,청소년,상담/지원,수시,(34097) 대전광역시 유성구 북유성대로 158 유성구청소년수련관 3층,counsel.happyyc1318.or.kr,,042-824-3454
기관,지역센터,ORG0353,울산광역시청소년상담복지센터,울산광역시 중구,,청소년,청소년,상담/지원,수시,"(44532) 울산광역시 중구 강북로 105 상가동 2층 (성남동, 롯데캐슬스카이)",www.counteen.or.kr,,052-227-2000
기관,지역센터,ORG0354,울산남구청소년상담복지센터,울산광역시 남구,,청소년,청소년,상담/지원,수시,(44692) 울산광역시 남구 돋질로106 마이코즈건물 3층,http://www.micos1388.or.kr,,052-291-1388
기관,지역센터,ORG0355,울산동구청소년상담복지센터,울산광역시 동구,,청소년,청소년,상담/지원,수시,"(44070) 울산광역시 동구 대학길 59, 3층",www.friend5279.or.kr,,052-233-5279
기관,지역센터,ORG0356,울산북구청소년상담복지센터,울산광역시 북구,,청소년,청소년,상담/지원,수시,(44224) 울산광역시 북구 제내1길 6 복음빌딩 4층,www.bukgu1388.or.kr,,052-283-1388
기관,지역센터,ORG0357,울주군청소년상담복지센터,울산광역시 울주군,,청소년,청소년,상담/지원,수시,"(45001) 울산광역시 울주군 온산읍 덕신로 299, 온산읍행정복지타운 6층",www.ulju1388.or.kr,,052-263-1388
기관,지역센터,ORG0358,울주군중부청소년상담복지센터,울산광역시 울주군,,청소년,청소년,상담/지원,수시,(44920) 울산광역시 울주군 범서읍 구영로 101-20 울주중부청소년수련관 내 3층,www.ulju1388.or.kr,,052-229-9652
기관,지역센터,ORG0359,세종특별자치시청소년상담복지센터,세종특별자치시 세종,,청소년,청소년,상담/지원,수시,(30024) 세종특별자치시 조치원읍 새내로 108 2층 ,www.sj1388.or.kr,,044-867-2022
기관,지역센터,ORG0360,경기도청소년상담복지센터,경기도 수원시,,청소년,청소년,상담/지원,수시,(16305) 경기도 수원시 장안구 송원로 55 행정동우회관 1층 ,www.hi1318.or.kr,,031-248-1318
기관,지역센터,ORG0361,수원시청소년상담복지센터,경기도 수원시,,청소년,청소년,상담/지원,수시,(16486) 경기도 수원시 팔달구 권광로 293 수원시청소년재단 희망등대센터 3층,http://www.syf.or.kr,,031-212-1318
기관,지역센터,ORG0362,성남시청소년상담복지센터,경기도 성남시,,청소년,청소년,상담/지원,수시,(13438) 경기도 성남시 중원구 성남대로 997번길 7(금담빌딩) 4층,http://www.snyouth.or.kr/sn1388 ,,031-756-1388
기관,지역센터,ORG0363,의정부시청소년상담복지센터,경기도 의정부시,,청소년,청소년,상담/지원,수시,(11622) 경기도 의정부시 의정로 27 청소년수련관 3층,www.uiyouth.or.kr,,031-872-1388
기관,지역센터,ORG0364,안양시청소년상담복지센터,경기도 안양시,,청소년,청소년,상담/지원,수시,(13997) 경기도 안양시 만안구 안양로 263번길 31,www.ayf.or.kr/1388,,031-446-0242
기관,지역센터,ORG0365,부천시청소년상담복지센터,경기도 부천시,,청소년,청소년,상담/지원,수시,(14596) 경기도 부천시 원미구 장말로 107 복사골문화센터 301호,www.zzang1318.or.kr,,032-325-3002
기관,지역센터,ORG0366,광명시청소년상담복지센터,경기도 광명시,,청소년,청소년,상담/지원,수시,(14241) 경기도 광명시 디지털 34 철산별관 노둣돌 1호동 1층,https://www.gmyouth.org/,,02-809-2000
기관,지역센터,ORG0367,평택시청소년상담복지센터,경기도 평택시,,청소년,청소년,상담/지원,수시,(17903) 경기도 평택시 평남로 616 청소년문화센터 4층,www.pt1318.or.kr,,031-656-1383
기관,지역센터,ORG0368,동두천시청소년상담복지센터,경기도 동두천시,,청소년,청소년,상담/지원,수시,(11362) 경기도 동두천시 지행로 95 청소년수련관 3층,http://1388.tistory.com,,031-861-1388
기관,지역센터,ORG0369,안산시청소년상담복지센터,경기도 안산시,,청소년,청소년,상담/지원,수시,(15387) 경기도 안산시 단원구 원초로 76 4층,www.aycc.org,,031-414-1318
기관,지역센터,ORG0370,고양시청소년상담복지센터,경기도 고양시,,청소년,청소년,상담/지원,수시,(10512) 경기도 고양시 덕양구 중앙로 633번길 25 토당청소년수련관 2층,https://www.gcyf.or.kr/sb,,031-995-4269
기관,지역센터,ORG0371,과천시청소년상담복지센터,경기도 과천시,,청소년,청소년,상담/지원,수시,(13828) 경기도 과천시 참마을로 9 과천시청소년수련관 1층,www.gc1318.or.kr,,02-504-1388
기관,지역센터,ORG0372,구리시청소년상담복지센터,경기도 구리시,,청소년,청소년,상담/지원,수시,(11922) 경기도 구리시 건원대로 34번길 32-10 구리시청소년수련관 3층 ,http://guri1388.or.kr/mall/main.php,,031-557-2000
기관,지역센터,ORG0373,남양주시청소년상담복지센터,경기도 남양주시,,청소년,청소년,상담/지원,수시,(12244) 경기도 남양주시 다산지금로 51-47 남양주시청소년수련관 2층,https://www.nyj.go.kr/main/1,,031-590-8098
기관,지역센터,ORG0374,오산시청소년상담복지센터,경기도 오산시,,청소년,청소년,상담/지원,수시,(18136) 경기도 오산시 오산로 278번길 3 2층 (오산동),www.osan1318.or.kr,,031-372-4004
기관,지역센터,ORG0375,시흥시청소년상담복지센터,경기도 시흥시,,청소년,청소년,상담/지원,수시,(14914) 경기도 시흥시 은행로 179 시흥시청소년수련관 별관 1층,www.shyc.or.kr,,031-318-7100
기관,지역센터,ORG0376,시흥시정왕청소년상담복지센터,경기도 시흥시,,청소년,청소년,상담/지원,수시,(15049) 경기도 시흥시 오동마을로 33 3층(금광빌딩),www.shyc.or.kr,,031-318-7101
기관,지역센터,ORG0377,군포시청소년상담복지센터,경기도 군포시,,청소년,청소년,상담/지원,수시,"(15823) 경기도 군포시 수리산로 112 슬기관 2층(산본동, 수리산상상마을)",www.gp1318.or.kr,,031-397-1388
기관,지역센터,ORG0378,의왕시청소년상담복지센터,경기도 의왕시,,청소년,청소년,상담/지원,수시,(16077) 경기도 의왕시 문화공원로 33 3층,https://www.uyf.or.kr/uw1388/388,,031-452-1388
기관,지역센터,ORG0379,하남시청소년상담복지센터,경기도 하남시,,청소년,청소년,상담/지원,수시,(12919) 경기도 하남시 조정대로111(풍산동) 하남시청소년수련관 2층,www.hanam.go.kr,,031-790-6680
기관,지역센터,ORG0380,용인시청소년상담복지센터,경기도 용인시,,청소년,청소년,상담/지원,수시,(17019) 경기도 용인시 처인구 중부대로 1199 청소년수련관 4층,www.yiyf.or.kr,,031-324-9300
기관,지역센터,ORG0381,파주시청소년상담복지센터,경기도 파주시,,청소년,청소년,상담/지원,수시,(10894) 경기도 파주시 와석순환로 415 운정행복센터 6층,www.pajuyouth.or.kr,,031-540-5321
기관,지역센터,ORG0382,이천시청소년상담복지센터,경기도 이천시,,청소년,청소년,상담/지원,수시,(17371) 경기도 이천시 영창로 260 서희청소년문화센터 3층,www.ic1318.or.kr,,031-634-2777
기관,지역센터,ORG0383,안성시청소년상담복지센터,경기도 안성시,,청소년,청소년,상담/지원,수시,(17591) 경기도 안성시 낙원길 108 안성시청소년문화의집 2층 (낙원동),www.an1318.or.kr,,031-676-1318(내선1)
기관,지역센터,ORG0384,김포시청소년상담복지센터,경기도 김포시,,청소년,청소년,상담/지원,수시,(10099) 경기도 김포시 걸포로 76 중봉청소년수련관 2층,https://www.fgy.or.kr/ssac1388,,031-984-1388
기관,지역센터,ORG0385,화성시청소년상담복지센터,경기도 화성시,,청소년,청소년,상담/지원,수시,(18732) 경기도 화성시 태안로 145 유앤아이센터 2층(병점동),www.mars1318.or.kr,,031-225-1318
기관,지역센터,ORG0386,광주시청소년상담복지센터,경기도 광주시,,청소년,청소년,상담/지원,수시,(12779) 경기도 광주시 회안대로 350-17 청소년수련관 3층,www.ggj1388.or.kr/,,031-761-1389
기관,지역센터,ORG0387,양주시청소년상담복지센터,경기도 양주시,,청소년,청소년,상담/지원,수시,(11469) 경기도 양주시 옥정서로254 옥정3단지 내 행복플러스어린이집 2층,https://www.yangju.go.kr/yj1318/index.do,,031-858-1318
기관,지역센터,ORG0388,포천시청소년상담복지센터,경기도 포천시,,청소년,청소년,상담/지원,수시,(11184) 경기도 포천시 소흘읍 호국로 523번길 59-56 청소년교육문화센터 내 2층, http://www.pocheon.go.kr/counsel/index.do,,031-533-1318
기관,지역센터,ORG0389,여주시청소년상담복지센터,경기도 여주시,,청소년,청소년,상담/지원,수시,(12623) 경기도 여주시 청심로 88 3층,youth.yeoju.go.kr,,031-886-0544
기관,지역센터,ORG0390,연천군청소년상담복지센터,경기도 연천군,,청소년,청소년,상담/지원,수시,(11026) 경기도 연천군 전곡읍 전영로 11 연천군종합복지관 내 2층,www.yc1388.or.kr,,031-832-4452
기관,지역센터,ORG0391,가평군청소년상담복지센터,경기도 가평군,,청소년,청소년,상담/지원,수시,"(12452) 경기도 가평군 청평면 은고개로 39, 1층 가평군청소년상담복지센터",www.gp1318.com,,031-581-0397
기관,지역센터,ORG0392,양평군청소년상담복지센터,경기도 양평군,,청소년,청소년,상담/지원,수시,(12556) 경기도 양평군 양평읍 중앙로 33-1 3층,https://www.yp21.go.kr/www/contents.do?key=2182,,031-775-1318
기관,지역센터,ORG0393,강원도청소년상담복지센터,강원특별자치도 춘천시,,청소년,청소년,상담/지원,수시,(24270) 강원도 춘천시 중앙로 14,www.gycc.org,,033-256-9803
기관,지역센터,ORG0394,춘천시청소년상담복지센터,강원특별자치도 춘천시,,청소년,청소년,상담/지원,수시,(24400) 강원도 춘천시 동내면 외솔길 19번길 45,http://www.cool1388.com/,,033-818-1388
기관,지역센터,ORG0395,원주시청소년상담복지센터,강원특별자치도 원주시,,청소년,청소년,상담/지원,수시,(26475) 강원도 원주시 서원대로 234 원주시청소년수련관 이음관 2층,www.wonju1388.kr,,033-744-1388
기관,지역센터,ORG0396,강릉시청소년상담복지센터,강원특별자치도 강릉시,,청소년,청소년,상담/지원,수시,(25474) 강원도 강릉시 종합운동장길 72-21 강릉시청소년수련관 2층,www.gn1388.or.kr ,,033-655-1388
기관,지역센터,ORG0397,동해시청소년상담복지센터,강원특별자치도 동해시,,청소년,청소년,상담/지원,수시,(25735) 강원도 동해시 부곡1길 6,http://www.dhyc.or.kr/counsel/04.htm,,033-530-2198
기관,지역센터,ORG0398,태백시청소년상담복지센터,강원특별자치도 태백시,,청소년,청소년,상담/지원,수시,(26044) 강원도 태백시 태백로 1663 (문곡동),www.tb1388.kr,,033-582-1377
기관,지역센터,ORG0399,속초시청소년상담복지센터,강원특별자치도 속초시,,청소년,청소년,상담/지원,수시,(24867) 강원도 속초시 관광로 377,www.sokcho1388.org,,033-638-1388
기관,지역센터,ORG0400,삼척시청소년상담복지센터,강원특별자치도 삼척시,,청소년,청소년,상담/지원,수시,(25919) 강원도 삼척시 엑스포로 50-1 3층,http://scc1388.co.kr/,,033-575-5002~3
기관,지역센터,ORG0401,홍천군청소년상담복지센터,강원특별자치도 홍천군,,청소년,청소년,상담/지원,수시,(25131) 강원도 홍천군 홍천읍 산림공원 2길 31 청소년수련관 2층,www.hcyc1388.org,,033-433-1386
기관,지역센터,ORG0402,횡성군청소년상담복지센터,강원특별자치도 횡성군,,청소년,청소년,상담/지원,수시,(25236) 강원도 횡성군 횡성읍 문예로 75 청소년수련관,http://hsg1388.modoo.at,,033-344-1388
기관,지역센터,ORG0403,영월군청소년상담복지센터,강원특별자치도 영월군,,청소년,청소년,상담/지원,수시,(26237) 강원도 영월군 영월읍 제방안길 100,www.kyw1318.or.kr,,033-375-1318
기관,지역센터,ORG0404,평창군청소년상담복지센터,강원특별자치도 평창읍,,청소년,청소년,상담/지원,수시,(25377) 평창군 평창읍 종부로 61 3층,http://www.pc1388.or.kr,,033-335-1388
기관,지역센터,ORG0405,정선군청소년상담복지센터,강원특별자치도 정선군,,청소년,청소년,상담/지원,수시,(26150) 강원도 정선군 사북읍 사북 6길 12-6,http://www.jsyouth.or.kr/,,033-591-1313
기관,지역센터,ORG0406,철원군청소년상담복지센터,강원특별자치도 철원군,,청소년,청소년,상담/지원,수시,(24037) 강원도 철원군 갈말읍 명성로 139번길 52,http://youth.cwg.go.kr/site/youth/sub.do?key=2872,,033-452-2000
기관,지역센터,ORG0407,충청북도청소년상담복지센터,충청북도 청주시,,청소년,청소년,상담/지원,수시,(28516) 충청북도 청주시 상당구 대성로 103(문화동 69-1),http://1388.cbyouth.net,,043-258-2000
기관,지역센터,ORG0408,청주시청소년상담복지센터,충청북도 청주시,,청소년,청소년,상담/지원,수시,(28543) 충청북도 청주시 상당구 중앙로 30 청하빌딩 5층,www.cj1388.or.kr,,043-275-1388
기관,지역센터,ORG0409,서청주청소년상담복지센터,충청북도 청주시,,청소년,청소년,상담/지원,수시,(28436) 충청북도 청주시 흥덕구 직지대로 351번길 56 청주시청소년수련관 3층,http://www.1388cw.or.kr/,,043-297-1388
기관,지역센터,ORG0410,충주시청소년상담복지센터,충청북도 충주시,,청소년,청소년,상담/지원,수시,(27411) 충청북도 충주시 중원대로 3324 ,www.chungstar.org,,043-842-2007
기관,지역센터,ORG0411,제천시청소년상담복지센터,충청북도 제천시,,청소년,청소년,상담/지원,수시,(27152) 충청북도 제천시 의림대로264 비둘기상가A동 2층,www.jc1318.or.kr,,043-642-7949
기관,지역센터,ORG0412,보은군청소년상담복지센터,충청북도 보은군,,청소년,청소년,상담/지원,수시,(28940) 충청북도 보은군 보은읍 군청길 114,www.boeun1388.or.kr,,043-542-1388
기관,지역센터,ORG0413,옥천군청소년상담복지센터,충청북도 옥천군,,청소년,청소년,상담/지원,수시,(29040) 충청북도 옥천군 옥천읍 동부로 39 청소년수련관 1층,www.oc.go.kr/youth/index.do,,043-731-1388
기관,지역센터,ORG0414,영동군청소년상담복지센터,충청북도 영동군,,청소년,청소년,상담/지원,수시,(29149) 충청북도 영동군 영동읍 성안길8 청소년수련관 2층,www.yd1388.or.kr,,043-744-5700
기관,지역센터,ORG0415,증평군청소년상담복지센터,충청북도 증평군,,청소년,청소년,상담/지원,수시,(27948) 충청북도 증평군 증평읍 보건복지로 64-2,www.jp1388.or.kr,,043-835-4188
기관,지역센터,ORG0416,진천군청소년상담복지센터,충청북도 진천군,,청소년,청소년,상담/지원,수시,(27832) 충청북도 진천군 진천읍 포석길 37-10 청소년수련관 4층,jc1388.co.kr,,043-536-3430
기관,지역센터,ORG0417,괴산군청소년상담복지센터,충청북도 괴산군,,청소년,청소년,상담/지원,수시,(28035) 충청북도 괴산군 괴산읍 읍내로6길 20-9,http://www.goesan1388.or.kr ,,043-834-7943
기관,지역센터,ORG0418,음성군청소년상담복지센터,충청북도 음성군,,청소년,청소년,상담/지원,수시,"(27697) 충청북도 음성군 음성읍 문화1길 10-3, 2층",www.es1388.or.kr,,043-873-1318
기관,지역센터,ORG0419,단양군청소년상담복지센터,충청북도 단양군,,청소년,청소년,상담/지원,수시,(27012) 충청북도 단양군 단양읍 삼봉로 187-18 단양군청소년수련관 2층,www.danyang.go.kr/dy1388,,043-421-8370~1
기관,지역센터,ORG0420,충청남도청소년상담복지센터,충청남도 천안시,,청소년,청소년,상담/지원,수시,"(31100) 충청남도 천안시 서북구 서부대로 766 3~4층(두정동, 진암빌딩)",http://cnyouth.or.kr,,041-554-2130
기관,지역센터,ORG0421,천안시청소년상담복지센터,충청남도 천안시,,청소년,청소년,상담/지원,수시,(31129) 충청남도 천안시 동남구 은행길 15-1 도시창조두드림센터 4층,www.cheonan.go.kr/teen.do ,,041-622-1388
기관,지역센터,ORG0422,공주시청소년상담복지센터,충청남도 공주시,,청소년,청소년,상담/지원,수시,(32546) 충청남도 공주시 대통 1길 57,http://www.gj1318.or.kr,,041-856-1388
기관,지역센터,ORG0423,보령시청소년상담복지센터,충청남도 보령시,,청소년,청소년,상담/지원,수시,(33466) 충청남도 보령시 문화원길 9 보령시청소년문화의집 3층,www.dongmuya.or.kr,,041-936-5710
기관,지역센터,ORG0424,아산시청소년상담복지센터,충청남도 아산시,,청소년,청소년,상담/지원,수시,(31513) 충청남도 아산시 시장길 29 시민문화복지센터 303호,http://www.asanyouth.or.kr,,041-532-2000
기관,지역센터,ORG0425,서산시청소년상담복지센터,충청남도 서산시,,청소년,청소년,상담/지원,수시,(31967) 충청남도 서산시 서령로136 서산문화복지센터 청소년수련관 3층,www.haemaum.com,,041-669-2000
기관,지역센터,ORG0426,논산시청소년상담복지센터,충청남도 논산시,,청소년,청소년,상담/지원,수시,(32993) 충청남도 논산시 논산대로 424 논산시청소년수련관 1층,https://www.nsyouth.or.kr/kr/,,041-736-2041
기관,지역센터,ORG0427,계룡시청소년상담복지센터,충청남도 계룡시,,청소년,청소년,상담/지원,수시,"(32801) 충청남도 계룡시 신도안면 송정길 174, 2층",http://www.call1388.or.kr,,042-551-1318
기관,지역센터,ORG0428,당진시청소년상담복지센터,충청남도 당진시,,청소년,청소년,상담/지원,수시,(31772) 충청남도 당진시 무수동 7길 142-26,http://www.dangjin.go.kr/dj1388.do,,041-357-2000
기관,지역센터,ORG0429,금산군청소년상담복지센터,충청남도 금산군,,청소년,청소년,상담/지원,수시,(32726) 충청남도 금산군 금산읍 금산로1559 다락원 만남의 집 3층,www.gs1388.or.kr,,041-751-2007
기관,지역센터,ORG0430,부여군청소년상담복지센터,충청남도 부여군,,청소년,청소년,상담/지원,수시,(33149) 충청남도 부여군 부여읍 의열로 43,www.1388buyeo.or.kr/,,041-836-1898
기관,지역센터,ORG0431,서천군청소년상담복지센터,충청남도 서천군,,청소년,청소년,상담/지원,수시,(33644) 충청남도 서천군 서천읍 서천향교길 3 2층,www.sycw1388.co.kr,,041-953-4040
기관,지역센터,ORG0432,청양군청소년상담복지센터,충청남도 청양군,,청소년,청소년,상담/지원,수시,(33339) 충청남도 청양군 청양읍 문화예술로187 청소년문화의집 3층,www.cy1388.kr,,041-942-1388
기관,지역센터,ORG0433,홍성군청소년상담복지센터,충청남도 홍성군,,청소년,청소년,상담/지원,수시,(32293) 충청남도 홍성군 광천읍 홍남로 744번길 14,www.hssd1388.com,,041-634-4858
기관,지역센터,ORG0434,예산군청소년상담복지센터,충청남도 예산군,,청소년,청소년,상담/지원,수시,(32423) 충청남도 예산군 예산읍 벚꽃로 214 예산군청소년수련관 2층 ,www.yesanyouth.or.kr,,041-335-1388
기관,지역센터,ORG0435,태안군청소년상담복지센터,충청남도 태안군,,청소년,청소년,상담/지원,수시,(32140) 충청남도 태안군 태안읍 백화로 199 청소년수련관 1층,www.happy1388.or.kr,,041-674-2800
기관,지역센터,ORG0436,전라북도청소년상담복지센터,전북특별자치도 전주시,,청소년,청소년,상담/지원,수시,(54935) 전라북도 전주시 덕진구 팔달로 346,www.jb1388.kr,,063-276-6291
기관,지역센터,ORG0437,전주시청소년상담복지센터,전북특별자치도 전주시,,청소년,청소년,상담/지원,수시,(55081) 전라북도 전주시 완산구 용머리로 94 3층,http://www.jjsangdam.or.kr/,,063-236-1388
기관,지역센터,ORG0438,군산시청소년상담복지센터,전북특별자치도 군산시,,청소년,청소년,상담/지원,수시,(54121) 전라북도 군산시 동리2길 7,www.gunsan0924.or.kr,,063-466-1388
기관,지역센터,ORG0439,익산시청소년상담복지센터,전북특별자치도 익산시,,청소년,청소년,상담/지원,수시,(54620) 전라북도 익산시 인북로187 상공회의소 5층,iksan.go.kr>index.iksan,,063-852-1388
기관,지역센터,ORG0440,정읍시청소년상담복지센터,전북특별자치도 정읍시,,청소년,청소년,상담/지원,수시,(56190) 전라북도 정읍시 상동중앙로14 청소년문화체육관 3층,jeongeup.go.kr,,063-531-3000
기관,지역센터,ORG0441,남원시청소년상담복지센터,전북특별자치도 남원시,,청소년,청소년,상담/지원,수시,(55749) 전라북도 남원시 충정로 72 남원시청소년수련관 3층,www.nw1388.com,,063-635-1388
기관,지역센터,ORG0442,김제시청소년상담복지센터,전북특별자치도 김제시,,청소년,청소년,상담/지원,수시,(54368) 전라북도 김제시 도작로 224-32,http://youth.gimje.go.kr,,063-544-1377
기관,지역센터,ORG0443,완주군청소년상담복지센터,전북특별자치도 완주군,,청소년,청소년,상담/지원,수시,(55340) 전라북도 완주군 삼례읍 삼봉로125 완주군청소년수련관 2층,http://www.wanju1388.or.kr ,,063-291-7373
기관,지역센터,ORG0444,진안군청소년상담복지센터,전북특별자치도 진안군,,청소년,청소년,상담/지원,수시,(55432) 전라북도 진안군 진안읍 진무로 1054-14 청소년수련관 3층,www.ja1388.com,,063-433-2377
기관,지역센터,ORG0445,무주군청소년상담복지센터,전북특별자치도 무주군,,청소년,청소년,상담/지원,수시,(55514) 전라북도 전라북도 무주군 무주읍 한풍루로 326-34 3층,www.mujuyouth.net,,063-323-7717
기관,지역센터,ORG0446,장수군청소년상담복지센터,전북특별자치도 장수군,,청소년,청소년,상담/지원,수시,(55631) 전라북도 장수군 장수읍 신천로 81 여성청소년문화센터 1층,https://www.facebook.com/%EC%9E%A5%EC%88%98%EA%B5%B0%EC%B2%AD%EC%86%8C%EB%85%84%EC%83%81%EB%8B%B4%EB%B3%B5%EC%A7%80%EC%84%BC%ED%84%B0-1605161036462040,,063-351-5161
기관,지역센터,ORG0447,임실군청소년상담복지센터,전북특별자치도 임실군,,청소년,청소년,상담/지원,수시,(55927) 전라북도 임실군 임실읍 운수로 33-50 임실군청소년문화의집 2층,https://cheongmoon.tistory.com/,,063-644-1388
기관,지역센터,ORG0448,순창군청소년상담복지센터,전북특별자치도 순창군,,청소년,청소년,상담/지원,수시,(56047) 전라북도 순창군 순창읍 장류로 192 순창군청소년수련관 3층,www.sc1388.or.kr,,063-653-4646
기관,지역센터,ORG0449,고창군청소년상담복지센터,전북특별자치도 고창군,,청소년,청소년,상담/지원,수시,(56431) 전라북도 고창군 고창읍 월곡뉴타운1길 11 커뮤니티센터 1층,https://www.gochang.go.kr/index.gochang?menuCd=DOM_000000104001006000,,063-563-6792
기관,지역센터,ORG0450,부안군청소년상담복지센터,전북특별자치도 부안군,,청소년,청소년,상담/지원,수시,(56308) 전라북도 부안군 부안읍 동중2길 15(부안군상생협력센터 1층),https://www.facebook.com/%EB%B6%80%EC%95%88%EA%B5%B0%EC%B2%AD%EC%86%8C%EB%85%84%EC%83%81%EB%8B%B4%EB%B3%B5%EC%A7%80%EC%84%BC%ED%84%B0-523538797837858,,063-583-8772
기관,지역센터,ORG0451,전라남도청소년상담복지센터,전라남도 목포시,,청소년,청소년,상담/지원,수시,(58614) 전라남도 목포시 용당로 304,www.jnyouth.or.kr,,061-280-9001
기관,지역센터,ORG0452,목포시청소년상담복지센터,전라남도 목포시,,청소년,청소년,상담/지원,수시,"(58684) 전라남도 목포시 신흥로 83번길 14 복지동 2층(옥암동, 목련아파트)",youth.mokpo.go.kr,,061-272-2440
기관,지역센터,ORG0453,여수시청소년상담복지센터,전라남도 여수시,,청소년,청소년,상담/지원,수시,(59761) 전라남도 여수시 신월로 648 전남대학교 국동캠퍼스 협동관 1층 여수시청소년상담복지센터,www.ys1388.or.kr,,061-663-2000
기관,지역센터,ORG0454,순천시청소년상담복지센터,전라남도 순천시,,청소년,청소년,상담/지원,수시,(57992) 전라남도 순천시 명말 1길 57 3층,www.sc1388dream.or.kr,,061-745-1388
기관,지역센터,ORG0455,나주시청소년상담복지센터,전라남도 나주시,,청소년,청소년,상담/지원,수시,"(58326) 전라남도 나주시 교육길 13, D-5동 111호~112호(스마트파크지식산업센터, 빛가람동)",www.nj1388.or.kr,,061-334-1388
기관,지역센터,ORG0456,광양시청소년상담복지센터,전라남도 광양시,,청소년,청소년,상담/지원,수시,(57790) 전라남도 광양시 광장로 14 청소년문화센터 2층,www.gy1388.or.kr,,061-795-1388
기관,지역센터,ORG0457,담양군청소년상담복지센터,전라남도 담양군,,청소년,청소년,상담/지원,수시,"(57344) 전라남도 담양군 담양읍 지침6길 29, 3층",www.dyy1388.or.kr,,061-381-1386
기관,지역센터,ORG0458,곡성군청소년상담복지센터,전라남도 곡성군,,청소년,청소년,상담/지원,수시,(57504) 전라남도 곡성군 곡성읍 곡성로 855,http://1388.gsyouth.kr/,,061-363-9584
기관,지역센터,ORG0459,구례군청소년상담복지센터,전라남도 구례군,,청소년,청소년,상담/지원,수시,(57636) 전라남도 구례군 구례로 508 청소년문화의 집 2층,https://www.instagram.com/y.d_gurye/?igshid=1uex1aft3n1j8,,061-783-1388
기관,지역센터,ORG0460,고흥군청소년상담복지센터,전라남도 고흥군,,청소년,청소년,상담/지원,수시,(59535) 전라남도 고흥군 고흥읍 고흥로 1793 청소년문화의집 2층,cafe.daum.net/HI1388/,,061-834-1317~8
기관,지역센터,ORG0461,보성군청소년상담복지센터,전라남도 보성군,,청소년,청소년,상담/지원,수시,(59453) 전라남도 보성군 보성읍 송재로 281-7 2층,http://bs1388.co.kr,,061-853-1388
기관,지역센터,ORG0462,화순군청소년상담복지센터,전라남도 화순군,,청소년,청소년,상담/지원,수시,"(58114) 전남 화순군 화순읍 쌍춘로 118-4, 화순군청소년수련관 3층",WWW.hs1388.or.kr,,061-375-7442
기관,지역센터,ORG0463,장흥군청소년상담복지센터,전라남도 장흥군,,청소년,청소년,상담/지원,수시,(59327) 전라남도 장흥군 장흥읍 흥성로37-23 2층,http://www.jh1388.or.kr,,061-863-1318
기관,지역센터,ORG0464,강진군청소년상담복지센터,전라남도 강진군,,청소년,청소년,상담/지원,수시,(59226) 전라남도 강진군 강진읍 청렴길 1 청소년수련관 3층,www.gjyouth.co.kr,,061-432-1388
기관,지역센터,ORG0465,해남군청소년상담복지센터,전라남도 해남군,,청소년,청소년,상담/지원,수시,(59028) 전라남도 해남군 해남읍 수성2길 9 2층,http://www.hyouth1388.co.kr/,,061-537-1388
기관,지역센터,ORG0466,영암군청소년상담복지센터,전라남도 영암군,,청소년,청소년,상담/지원,수시,(58418) 전라남도 영암군 영암로 1511 청소년수련관,www.ya1388.or.kr,,061-471-8375
기관,지역센터,ORG0467,무안군청소년상담복지센터,전라남도 무안군,,청소년,청소년,상담/지원,수시,(58517) 전라남도 무안군 현경면 공항로 347-83,https://www.muan.go.kr/www/information/welfare/child/youth_counsel,,061-454-5284
기관,지역센터,ORG0468,함평군청소년상담복지센터,전라남도 함평군,,청소년,청소년,상담/지원,수시,(57149) 전라남도 함평군 함평읍 중앙길 212,www.nownow1388.or.kr,,061-323-9995
기관,지역센터,ORG0469,영광군청소년상담복지센터,전라남도 영광군,,청소년,청소년,상담/지원,수시,"(57047) 전라남도 영광군 영광읍 중앙로 3길 6-10,영광군청소년문화센터 2층",www.yg1388.or.kr,,061-353-1388
기관,지역센터,ORG0470,장성군청소년상담복지센터,전라남도 장성군,,청소년,청소년,상담/지원,수시,(57222) 전라남도 장성군 장성읍 문화로 110 장성군청소년수련관 별관 1층,www.js1388.or.kr,,061-817-1388
기관,지역센터,ORG0471,완도군청소년상담복지센터,전라남도 완도군,,청소년,청소년,상담/지원,수시,(59115) 전라남도 완도군 완도읍 개포로 159번길 41 2층,http://wd1388.or.kr/,,061-554-1314
기관,지역센터,ORG0472,진도군청소년상담복지센터,전라남도 진도군,,청소년,청소년,상담/지원,수시,(58926) 전라남도 진도군 진도읍 진도대로 7213 청소년문화의집 3층,http://cafe.naver.com/jindo1388,,061-544-5122
기관,지역센터,ORG0473,신안군청소년상담복지센터,전라남도 신안군,,청소년,청소년,상담/지원,수시,(58824) 전라남도 신안군 압해읍 천사로 1004,http://www.shinan1388.com/,,061-240-8729
기관,지역센터,ORG0474,경상북도청소년상담복지센터,경상북도 안동시,,청소년,청소년,상담/지원,수시,"(36708) 경상북도 안동시 축제장길 20(옥야동, 398-22번)",https://gb1388.or.kr:9027/,,054-1388
기관,지역센터,ORG0475,포항시청소년상담복지센터,경상북도 포항시,,청소년,청소년,상담/지원,수시,(37601) 경상북도 포항시 북구 삼호로 533 청소년수련관 2층,http://www.phyf.or.kr,,054-252-0020
기관,지역센터,ORG0476,경주시청소년상담복지센터,경상북도 경주시,,청소년,청소년,상담/지원,수시,(38088) 경상북도 경주시 알천북로 131 ,http://youth.gyeongju.go.kr/index.jsp,,054-742-1388
기관,지역센터,ORG0477,김천시청소년상담복지센터,경상북도 김천시,,청소년,청소년,상담/지원,수시,(39570) 경상북도 김천시 다삼로3,https://www.gc.go.kr/support/main.do,,054-435-1388
기관,지역센터,ORG0478,안동시청소년상담복지센터,경상북도 안동시,,청소년,청소년,상담/지원,수시,(36708) 경상북도 안동시 축제장길 42,www.ad1318.or.kr,,054-859-1318
기관,지역센터,ORG0479,구미시청소년상담복지센터,경상북도 구미시,,청소년,청소년,상담/지원,수시,(39221) 경상북도 구미시 구미중앙로 11길 13,www.youthcoc.org,,054-443-1387
기관,지역센터,ORG0480,영주시청소년상담복지센터,경상북도 영주시,,청소년,청소년,상담/지원,수시,(36073) 경상북도 영주시 광복로 63,http://yj1318.or.kr,,054-634-1318
기관,지역센터,ORG0481,영천시청소년상담복지센터,경상북도 영천시,,청소년,청소년,상담/지원,수시,(38844) 경상북도 영천시 운동장로 92 체육시설사업소 2층,http://1388.yc.go.kr,,054-338-1388
기관,지역센터,ORG0482,상주시청소년상담복지센터,경상북도 상주시,,청소년,청소년,상담/지원,수시,"(37195) 경상북도 상주시 왕산로 219-11, 상주시청소년상담복지센터 2층",www.sj7942.org,,054-535-3511
기관,지역센터,ORG0483,문경시청소년상담복지센터,경상북도 문경시,,청소년,청소년,상담/지원,수시,(36949) 경상북도 문경시 중앙로50 문경시의회 후관 문경시드림스타트 3층,https://www.gbmg.go.kr/portalsub/teen1318/main.do,,054-556-1389
기관,지역센터,ORG0484,경산시청소년상담복지센터,경상북도 경산시,,청소년,청소년,상담/지원,수시,(38627) 경상북도 경산시 경산로 159-5 역전마을 복합커뮤니티센터 3층,http://gbgs.go.kr/special/young/index.do,,053-819-6400
기관,지역센터,ORG0485,의성군청소년상담복지센터,경상북도 의성군,,청소년,청소년,상담/지원,수시,(37331) 경상북도 의성군 의성읍 충효로 68,http://counsel.usyouth.go.kr,,054-834-7933
기관,지역센터,ORG0486,청송군청소년상담복지센터,경상북도 청송군,,청소년,청소년,상담/지원,수시,(37433) 경상북도 청송군 청송읍 복지타운길77 청소년수련관 2층 상담센터,www.youth1388.or.kr,,054-873-7626
기관,지역센터,ORG0487,영양군청소년상담복지센터,경상북도 영양군,,청소년,청소년,상담/지원,수시,(36540) 경상북도 영양군 영양읍 동서대로 92. 영양군청소년수련관 2층,yyg.go.kr/youth/yyg1388,,054-683-1388
기관,지역센터,ORG0488,영덕군청소년상담복지센터,경상북도 영덕군,,청소년,청소년,상담/지원,수시,(36427) 경상북도 영덕군 영덕읍 강변길 324,https://www.facebook.com/영덕군청소년상담복지센터-1037698109644498/,,054-732-1318
기관,지역센터,ORG0489,청도군청소년상담복지센터,경상북도 청도군,,청소년,청소년,상담/지원,수시,(38333) 경상북도 청도군 화양읍 청려로 1846 청소년수련관 3층,http://cafe.daum.net/cd1388,,054-373-1610
기관,지역센터,ORG0490,고령군청소년상담복지센터,경상북도 고령군,,청소년,청소년,상담/지원,수시,(40138) 경상북도 고령군 대가야읍 왕릉로 30 대가야문화누리 4층,http://art.goryeong.go.kr,,054-956-1383
기관,지역센터,ORG0491,성주군청소년상담복지센터,경상북도 성주군,,청소년,청소년,상담/지원,수시,(40031) 경상북도 성주군 성주읍 성주순환로 271-9 청소년문화의집 3층,sjc1388.co.kr,,054-931-1398
기관,지역센터,ORG0492,칠곡군청소년상담복지센터,경상북도 칠곡군,,청소년,청소년,상담/지원,수시,(39885) 경상북도 칠곡군 왜관읍 2번도로길 83 3층,https://www.chilgok.go.kr/portal/contents.do?mId=0907070000,,054-971-0418
기관,지역센터,ORG0493,예천군청소년상담복지센터,경상북도 예천군,,청소년,청소년,상담/지원,수시,(36849) 경상북도 예천군 예천읍 봉호로 4040,https://cafe.daum.net/yc2012,,054-654-9901
기관,지역센터,ORG0494,봉화군청소년상담복지센터,경상북도 봉화군,,청소년,청소년,상담/지원,수시,(36238) 경상북도 봉화군 봉화읍 내성로1길 17-20 봉화군청소년센터 2층,www.bhw1318.or.kr,,054-674-1388
기관,지역센터,ORG0495,울진군청소년상담복지센터,경상북도 울진군,,청소년,청소년,상담/지원,수시,(36324) 경상북도 울진군 울진읍 대나리항길 2 고우이청소년수련관 2층,http://www.uljin.go.kr/,,054-781-0079
기관,지역센터,ORG0496,경상남도청소년상담복지센터,경상남도 창원시,,청소년,청소년,상담/지원,수시,"(51138) 경상남도 창원시 의창구 사림로 45번길 59 경남대표도서관 청소년관 3층, 4층",http://gn1388.gnyouth.net/,,055-711-1388
기관,지역센터,ORG0497,창원시창원청소년상담복지센터,경상남도 창원시,,청소년,청소년,상담/지원,수시,(51412) 경상남도 창원시 성산구 두대로97 3층 청소년상담복지센터,https://www.changwon.go.kr/depart/contents.do?mId=0502010100,,055-225-3900
기관,지역센터,ORG0498,창원시마산청소년상담복지센터,경상남도 창원시,,청소년,청소년,상담/지원,수시,(51358) 경상남도 창원시 마산회원구 팔용로 128 우리누리청소년문화센터 2층,https://www.changwon.go.kr/depart/contents.do?mId=0502010100,,055-245-7941
기관,지역센터,ORG0499,창원시진해청소년상담복지센터,경상남도 창원시,,청소년,청소년,상담/지원,수시,(51629) 경상남도 창원시 진해구 진해대로 1101 진해종합사회복지관 202호,https://www.changwon.go.kr/depart/contents.do?mId=0502010100,,055-551-2000
기관,지역센터,ORG0500,진주시청소년상담복지센터,경상남도 진주시,,청소년,청소년,상담/지원,수시,(52686) 경상남도 진주시 북장대로 6번길 9 (인사동) 1층,http://youth.jinju.go.kr/,,055-749-6222
기관,지역센터,ORG0501,통영시청소년상담복지센터,경상남도 통영시,,청소년,청소년,상담/지원,수시,(53017) 경상남도 통영시 광도면 죽림해안로 187 통영체육청소년센터 3층,www.tycoun.or.kr,,055-649-0924
기관,지역센터,ORG0502,사천시청소년상담복지센터,경상남도 사천시,,청소년,청소년,상담/지원,수시,(52561) 경상남도 사천시 문선4길 23 청소년수련관 3층,www.youthsacheon.com,,055-835-4199
기관,지역센터,ORG0503,김해시청소년상담복지센터,경상남도 김해시,,청소년,청소년,상담/지원,수시,(50912) 경상남도 김해시 가락로 176번길 3 ,https://www.gimhae.go.kr/00976/01477/01479.web,,055-325-2000
기관,지역센터,ORG0504,김해시서부청소년상담복지센터,경상남도 김해시,,청소년,청소년,상담/지원,수시,(51016) 경상남도 김해시 율하2로 210 김해시서부문화센터 2층 ,https://www.gimhae.go.kr/00976/01477/01479.web,,055-330-7920
기관,지역센터,ORG0505,밀양시청소년상담복지센터,경상남도 밀양시,,청소년,청소년,상담/지원,수시,"(50436) 경상남도 밀양시 삼문송림길 26, 밀양시청소년수련관 2층",http://www.miryang1388.kr,,055-355-2000
기관,지역센터,ORG0506,거제시청소년상담복지센터,경상남도 거제시,,청소년,청소년,상담/지원,수시,"(53246) 경상남도 거제시 중곡로 46, 고현청소년문화의 집 2층",http://counsel.geoje.go.kr,,055-636-2000
기관,지역센터,ORG0507,양산시청소년상담복지센터,경상남도 양산시,,청소년,청소년,상담/지원,수시,(50620) 경상남도 양산시 양주3길 36 양산시청소년회관 2층,http://www.yangsan.go.kr/teen/main.do,,055)381-9695
기관,지역센터,ORG0508,의령군청소년상담복지센터,경상남도 의령군,,청소년,청소년,상담/지원,수시,(52137) 경상남도 의령군 의령읍 의병로 8길 44,http://www.uiryeong.go.kr/index.uiryeong?menuCd=DOM_000000405001005006,,055-572-2000
기관,지역센터,ORG0509,함안군청소년상담복지센터,경상남도 함안군,,청소년,청소년,상담/지원,수시,(52046) 경상남도 함안군 가야읍 말산 1길 10 청소년수련관 2층,http://www.haman1388.or.kr/ ,,055-583-0924
기관,지역센터,ORG0510,창녕군청소년상담복지센터,경상남도 창녕군,,청소년,청소년,상담/지원,수시,(50332) 경상남도 창녕군 창녕읍 화왕산1로 46 5층,http://www.cng.go.kr/life/00000596/00000603.web,,055-532-2000
기관,지역센터,ORG0511,고성군청소년상담복지센터,경상남도 고성군,,청소년,청소년,상담/지원,수시,(52932) 경상남도 고성군 고성읍 교사4길 11,http://www.gsyon.or.kr/biz/welfare.php,,055-673-6882
기관,지역센터,ORG0512,남해군청소년상담복지센터,경상남도 남해군,,청소년,청소년,상담/지원,수시,(52419) 경상남도 남해군 남해읍 망운로 32 종합사회복지관 3층,www.namhae.go.kr,,055-863-5279
기관,지역센터,ORG0513,하동군청소년상담복지센터,경상남도 하동군,,청소년,청소년,상담/지원,수시,(52326) 경상남도 하동군 하동읍 중앙로 72 하동군청소년수련관 3층,https://www.hadong.go.kr/specialty/00214/00343.web ,,055-883-3000
기관,지역센터,ORG0514,산청군청소년상담복지센터,경상남도 산청군,,청소년,청소년,상담/지원,수시,(52226) 경상남도 산청군 산청읍 웅석봉로 92 산청군청소년수련관 2층,www.sancheong.go.kr,,055-973-8423
기관,지역센터,ORG0515,함양군청소년상담복지센터,경상남도 함양군,,청소년,청소년,상담/지원,수시,(50034) 경남 함양군 함양읍 함양여중길 10 함양군건강가정다문화가족지원센터 2층,http://www.haman1388.or.kr/,,055-963-7922
기관,지역센터,ORG0516,거창군청소년상담복지센터,경상남도 거창군,,청소년,청소년,상담/지원,수시,(50130) 경상남도 거창군 거창읍 교촌길 100-30 거창군청소년수련관 3층,http://www.geochang.go.kr/youth/Index.do?c=YU0401000000,,055-941-2000
기관,지역센터,ORG0517,합천군청소년상담복지센터,경상남도 합천군,,청소년,청소년,상담/지원,수시,(50231) 경상남도 합천군 합천읍 옥산로 96-5 3층,http://www.hc.go.kr/05750/05766/05803.web,,055-930-3911
기관,지역센터,ORG0518,제주특별자치도청소년상담복지센터,제주특별자치도 제주시,,청소년,청소년,상담/지원,수시,(63222) 제주특별자치도 제주시 구남로 7길 4 2층 ,www.jeju1388.or.kr,,064-759-9951
기관,지역센터,ORG0519,서귀포시청소년상담복지센터,제주특별자치도 서귀포시,,청소년,청소년,상담/지원,수시,(63590) 제주특별자치도 서귀포시 일주동로 8643 3층,http://www.seogwipo.go.kr/youths/counseling/index.htm ,,064-763-9191
기관,지역센터,ORG0520,제주시청소년상담복지센터,제주특별자치도 제주시,,청소년,청소년,상담/지원,수시,(63097) 제주특별자치도 제주시 남녕로 39 3층,www.제주시1388.한국,,064-725-7999
